"","ECO_NAME","hotspot_area","bii","biomass","hf","hotspot"
"1","Adelie Land tundra",0,NA,NA,NA,"not hotspot"
"2","Admiralty Islands lowland rain forests",95.8666671485476,1.04813389101808,0.368415065056053,7.15280229597527,"hotspot"
"3","Aegean and Western Turkey sclerophyllous and mixed forests",96.8029640492255,0.862130761471902,0.381182847783636,14.2437384742144,"hotspot"
"4","Afghan Mountains semi-desert",0,0.814657615053451,0.789121500079009,8.77674578957315,"not hotspot"
"5","Ahklun and Kilbuck Upland Tundra",0,1.00001142457857,0.973781341125928,0.107939204260379,"not hotspot"
"6","Al-Hajar foothill xeric woodlands and shrublands",0,0.897650430384855,0.683631734757627,7.98839156472151,"not hotspot"
"7","Al-Hajar montane woodlands and shrublands",0,0.916326995051999,0.58550114882439,5.99910973606003,"not hotspot"
"8","Alai-Western Tian Shan steppe",99.9307659968403,0.79018424168395,0.851552941708861,11.8408805393538,"hotspot"
"9","Alashan Plateau semi-desert",0,0.795299513698923,0.632123459801955,2.57586910433806,"not hotspot"
"10","Alaska-St. Elias Range tundra",0,1.00004163993162,0.885053445008892,0.227215212197591,"not hotspot"
"11","Alaska Peninsula montane taiga",0,0.991079376301479,0.810798336138795,0.548055041588198,"not hotspot"
"12","Albany thickets",4.11923481317749,0.643043645725079,0.630440806636125,8.99637477247077,"not hotspot"
"13","Alberta-British Columbia foothills forests",0,0.902868263650444,0.78700598988092,1.40734253431743,"not hotspot"
"14","Albertine Rift montane forests",85.6033674895603,0.973484441798122,0.387306808529704,8.73433290281987,"hotspot"
"15","Aldabra Island xeric scrub",96.7591789149105,NA,NA,NA,"hotspot"
"16","Aleutian Islands tundra",0,1.00098253004676,0.947411822860126,1.15171246793421,"not hotspot"
"17","Allegheny Highlands forests",0,0.876761436286972,0.412825590066748,10.4878376532577,"not hotspot"
"18","Alps conifer and mixed forests",0.0575132780457851,0.939004925262821,0.471064747504264,13.7588179770447,"not hotspot"
"19","Altai alpine meadow and tundra",0,0.683269257740507,0.671390951395789,5.25423028014316,"not hotspot"
"20","Altai montane forest and forest steppe",0,0.684825819395845,0.336170502517628,4.7726635272879,"not hotspot"
"21","Altai steppe and semi-desert",0,0.707723607699916,0.814631724335642,7.52543254979325,"not hotspot"
"22","Alto Paraná Atlantic forests",99.7169785726718,0.816726652056128,0.252268102460212,11.8901991184458,"hotspot"
"23","Amazon-Orinoco-Southern Caribbean mangroves",1.44245059406454,0.949419125215605,0.39034527647666,7.41984002987413,"not hotspot"
"24","Amsterdam-Saint Paul Islands temperate grasslands",0,NA,NA,NA,"not hotspot"
"25","Amur meadow steppe",0,0.863924657829999,0.301382217511562,6.61677114743139,"not hotspot"
"26","Anatolian conifer and deciduous mixed forests",0.0386764270056844,0.877675301670107,0.434709148793987,11.9330552919411,"not hotspot"
"27","Andaman Islands rain forests",97.7269989696452,1.02756308432812,0.130690022488134,6.92660508239789,"hotspot"
"28","Angolan montane forest-grassland",0,0.902923930290336,0.511218115173053,8.62600656518625,"not hotspot"
"29","Angolan mopane woodlands",0,0.692109294039905,0.672506805427729,4.07268424936545,"not hotspot"
"30","Angolan scarp savanna and woodlands",0,0.886312685138862,0.555938678850858,6.96304492047378,"not hotspot"
"31","Angolan wet miombo woodlands",0,0.894401408747438,0.408964508877585,5.88108167503673,"not hotspot"
"32","Antipodes Subantarctic Islands tundra",71.2451442363184,NA,0,NA,"hotspot"
"33","Appalachian-Blue Ridge forests",0,0.881562353657225,0.54622336997743,13.1496282436222,"not hotspot"
"34","Appalachian mixed mesophytic forests",0,0.883209394410407,0.53121279208147,11.6320093838669,"not hotspot"
"35","Appalachian Piedmont forests",0,0.886434294325669,0.328996493385126,14.6664599700726,"not hotspot"
"36","Appenine deciduous montane forests",0.761243295798413,0.904086392417832,0.337728646700551,11.921746881982,"not hotspot"
"37","Apure-Villavicencio dry forests",0.0530090020460979,0.842718931077668,0.24603446839554,7.94321488167972,"not hotspot"
"38","Arabian sand desert",0.11207949470056,0.86066470519411,0.20709194597208,3.01044538021444,"not hotspot"
"39","Araucaria moist forests",99.9665722503056,0.853032631093262,0.377399024805358,9.5931521967009,"hotspot"
"40","Araya and Paria xeric scrub",0.0208625138032197,0.955627576868525,0.643483950940685,12.4148482188893,"not hotspot"
"41","Arctic coastal tundra",0,0.994939012184199,0.822082008820741,1.19406253430898,"not hotspot"
"42","Russian Arctic desert",0,1.00130206692386,0.378050160682086,0.000945067926757236,"not hotspot"
"43","Arctic foothills tundra",0,1.00227346777275,0.89489109471511,0.319564588657261,"not hotspot"
"44","Arizona Mountains forests",0.0676408552237703,0.813722823474759,0.653793291262018,3.37683114140164,"not hotspot"
"45","Arnhem Land tropical savanna",0,0.665748807394254,0.762347857380824,1.15433464501717,"not hotspot"
"46","Ascension scrub and grasslands",0,0.936274676517495,NA,NA,"not hotspot"
"47","Atacama desert",0.0031594931684098,0.903384119444204,0.409022978455672,3.80411969819891,"not hotspot"
"48","Atlantic Coast restingas",99.3820198547474,0.84720509303177,0.234179207159239,12.3844278399012,"hotspot"
"49","Saharan Atlantic coastal desert",0,0.846705857283226,0.288361397186355,2.52733369618042,"not hotspot"
"50","Atlantic coastal pine barrens",0,0.838549293357374,0.182587530458151,26.5607176650389,"not hotspot"
"51","Congolian coastal forests",1.92047140941682e-05,0.893103718766101,0.591679020922076,4.45022868485642,"not hotspot"
"52","European Atlantic mixed forests",0,0.836654499404187,0.142535452242101,19.1991389517896,"not hotspot"
"53","Australian Alps montane grasslands",0,0.871714705083234,0.956381410379721,2.84411682335196,"not hotspot"
"54","Azerbaijan shrub desert and steppe",99.1654337108153,0.849997403095233,0.597447590654592,12.9643111161879,"hotspot"
"55","Azores temperate mixed forests",85.5622650066016,0.931613158990795,0,16.0957445372131,"hotspot"
"56","Badghyz and Karabil semi-desert",0.00724805568185064,0.808832895212939,0.871737047931728,9.97915195545744,"not hotspot"
"57","Bahamian-Antillean mangroves",79.1106375089934,0.887120914351705,0.21311282481781,8.461881288986,"hotspot"
"58","Bahia coastal forests",99.9825133501728,0.889764562949154,0.272759112575821,10.384158286462,"hotspot"
"59","Bahia interior forests",99.9068124869954,0.853969183630881,0.282156088963944,10.8032570962593,"hotspot"
"60","Baja California desert",0.00431005062764687,0.845508481046057,0.749285198211687,3.89279826033766,"not hotspot"
"61","Bajío dry forests",0.417619169684959,0.917412568855153,0.228105843810444,14.0175511166376,"not hotspot"
"62","Balkan mixed forests",0.0570135525920612,0.852548973954571,0.153625043580007,13.888740152416,"not hotspot"
"63","Balsas dry forests",0.46505951701588,0.89464012585268,0.214119051398996,8.32388824551772,"not hotspot"
"64","Baltic mixed forests",0,0.863192502372582,0.253360228028086,15.6281488740479,"not hotspot"
"65","Baluchistan xeric woodlands",0.00575085854620006,0.885844848627374,0.602175999907488,7.239825231728,"not hotspot"
"66","Banda Sea Islands moist deciduous forests",96.1500069125261,1.00789157977637,0.522410712488484,10.3015583676801,"hotspot"
"67","Belizian pine savannas",99.9990495790929,0.91441876377266,0.389400642902762,5.46125999604222,"hotspot"
"68","Beni savanna",0.000807676719684738,0.707971446900533,0.391659919352798,4.06863349713726,"not hotspot"
"69","Russian Bering tundra",0,0.98891958109308,0.893740557914226,0.475633396816335,"not hotspot"
"70","Beringia lowland tundra",0,0.993940097751176,0.920295737878408,0.386491373262493,"not hotspot"
"71","Beringia upland tundra",0,1.00243440384505,0.859503098546752,0.882612965326202,"not hotspot"
"72","Bermuda subtropical conifer forests",0,0.860950998162124,NA,39.0109202067057,"not hotspot"
"73","Biak-Numfoor rain forests",0,1.02692230122874,0.742335011909078,8.48180274205443,"not hotspot"
"74","Blue Mountains forests",0,0.784210417808022,0.674967108335921,2.91625622750405,"not hotspot"
"75","Bohai Sea saline meadow",0,0.900313365743081,0.317096529911891,16.6712220089591,"not hotspot"
"76","Bolivian montane dry forests",99.9816232931433,0.84778465997593,0.525597918221448,6.42579441903024,"hotspot"
"77","Bolivian Yungas",99.90008008227,0.923600515548441,0.582087797674057,4.02141016279354,"hotspot"
"78","Borneo lowland rain forests",0.0149618663750796,0.96546258813174,0.568375213807775,6.37840691755544,"not hotspot"
"79","Borneo peat swamp forests",97.8471373030151,0.966337663521928,0.370564494479586,6.58708746949484,"hotspot"
"80","Brahmaputra Valley semi-evergreen forests",99.8069657472078,0.849834115718968,0.0917096500227167,16.2191633196041,"hotspot"
"81","Brigalow tropical savanna",0,0.667478738884866,0.806832149699597,5.13587108754093,"not hotspot"
"82","British Columbia coastal conifer forests",0,0.943258613924929,0.49390036121343,0.791144749279707,"not hotspot"
"83","Brooks-British Range tundra",0,1.00296748498852,0.886543590293134,0.0887559931289206,"not hotspot"
"84","Buru rain forests",99.505677455919,0.984043880929403,0.68318692909598,9.03581644020866,"hotspot"
"85","Caatinga",0.0114758257773957,0.89606797019484,0.488138446127101,8.49063659226417,"not hotspot"
"86","Caatinga Enclaves moist forests",99.816489296096,0.939973517015463,0.481524362690903,12.0541420159333,"hotspot"
"87","Caledon conifer forests",0,0.82779224550257,0.264935293414897,6.77967196101327,"not hotspot"
"88","California Central Valley grasslands",100.000000002294,0.681539882490967,0.231871314781435,13.5635898608472,"hotspot"
"89","California coastal sage and chaparral",98.8904024958121,0.875653787007636,0.435385474551384,19.2748791834975,"hotspot"
"90","California interior chaparral and woodlands",99.8843851168376,0.760953731266371,0.485274509336197,9.79788184545527,"hotspot"
"91","California montane chaparral and woodlands",76.7778902306493,0.873656535084552,0.610882350401686,5.61030167773189,"hotspot"
"92","Cameroon Highlands forests",99.8765634688902,0.937675289650811,0.422174985064303,7.6385770540417,"hotspot"
"93","Campos Rupestres montane savanna",99.79029702578,0.843704335599972,0.582606011381051,8.88075740533468,"hotspot"
"94","Canadian Aspen forests and parklands",0,0.618382916356589,0.652879208014795,5.88548076408593,"not hotspot"
"95","Canadian Low Arctic tundra",0,1.00237580830306,0.949261529971261,0.0420594263073604,"not hotspot"
"96","Canary Islands dry woodlands and forests",96.844926000533,0.899941492690432,0.986358100525539,18.3776902918653,"hotspot"
"97","Cantabrian mixed forests",0.191016182875421,0.926430448177944,0.312223588299246,14.4758949634235,"not hotspot"
"98","Canterbury-Otago tussock grasslands",97.4566441765044,0.601664961793906,0.539981049753162,10.8879996171461,"hotspot"
"99","Cape Verde Islands dry forests",80.4901514257227,0.98436973834472,NA,10.029054072081,"hotspot"
"100","Cape York Peninsula tropical savanna",0,0.67174695289422,0.806594598356481,1.46316144402093,"not hotspot"
"101","Caqueta moist forests",0.00068124848605405,0.950060929209021,0.773022094915068,0.940222595786419,"not hotspot"
"102","Cardamom Mountains rain forests",99.8108243280588,0.972307436814859,0.193287039247784,6.97745974621131,"hotspot"
"103","Caribbean shrublands",98.2107943107536,0.962983707038029,NA,23.7463473451665,"hotspot"
"104","Carnarvon xeric shrublands",0.0280259212035,0.627986298243741,0.929139018798237,4.35219743042983,"not hotspot"
"105","Carolines tropical moist forests",98.3782085651647,NA,NA,8.85001340086161,"hotspot"
"106","Carpathian montane forests",0,0.927380988494706,0.553833052186491,11.2653553467602,"not hotspot"
"107","Carpentaria tropical savanna",0,0.684506541497039,0.827189672058364,2.27782372842171,"not hotspot"
"108","Caspian Hyrcanian mixed forests",98.8165325917901,0.917405608119362,0.27142950451574,13.7658738711018,"hotspot"
"109","Caspian lowland desert",0.0130209620793334,0.687914723532107,0.816679384846096,5.86664790580695,"not hotspot"
"110","Catatumbo moist forests",0.189715741170454,0.92843348067626,0.24660202677778,9.35479469921595,"not hotspot"
"111","Cauca Valley dry forests",99.9999999792378,0.892580096087007,0.289315802887111,17.4999149832958,"hotspot"
"112","Cauca Valley montane forests",99.9915825133257,0.8914982705089,0.424551813271658,12.3250684976808,"hotspot"
"113","Caucasus mixed forests",99.6995759077274,0.885647420821528,0.35785888246986,10.5329124387782,"hotspot"
"114","Cayos Miskitos-San Andrés and Providencia moist forests",97.3323744252453,NA,NA,13.3166783963933,"hotspot"
"115","Celtic broadleaf forests",0,0.802678273243572,0.110857497390352,18.9292027347507,"not hotspot"
"116","Central Afghan Mountains xeric woodlands",0,0.836110783929312,0.786072495419108,8.26475733044708,"not hotspot"
"117","Central African mangroves",0.00929179060517576,0.937857863199461,0.46763985177109,10.3343531972591,"not hotspot"
"118","Central American Atlantic moist forests",99.9854964675966,0.942321976365064,0.34280241486413,7.19230688976787,"hotspot"
"119","Central American dry forests",99.9406876890547,0.909786251781028,0.179911934402546,13.0708109769963,"hotspot"
"120","Central American montane forests",100.000000109997,0.951282370958563,0.295845398509538,9.55906630891612,"hotspot"
"121","Central American pine-oak forests",99.9999999747522,0.930331529480107,0.240095012942844,10.1241338884872,"hotspot"
"122","Central Anatolian steppe",99.9185725867958,0.840602115611615,0.560135874887146,11.7606755042111,"hotspot"
"123","Central Anatolian steppe and woodlands",99.803098843584,0.840711101078963,0.359838708643057,12.4079484955951,"hotspot"
"124","Central-Southern Cascades Forests",15.0560793698798,0.820962242768726,0.791851815122305,2.95971855870504,"not hotspot"
"125","Central-Southern US mixed grasslands",0,0.577706054067368,0.841090507374008,8.43919801331577,"not hotspot"
"126","Central Andean dry puna",0.0025968517120125,0.867072087273766,0.784993904692187,2.87243317286805,"not hotspot"
"127","Central Andean puna",99.9288689215456,0.843610300181285,0.820761200991486,4.41002744567753,"hotspot"
"128","Central Andean wet puna",99.9790608806892,0.866540626931938,0.719314002937401,7.67569481070101,"hotspot"
"129","Central Asian northern desert",0.0464269118006531,0.662415624355043,0.963862779671189,4.97913627157092,"not hotspot"
"130","Central Asian riparian woodlands",0.0135490139415425,0.728734248040916,0.900564102984717,10.2083398450894,"not hotspot"
"131","Central Asian southern desert",0.0142044205777266,0.768772751293807,0.965618998389895,5.86816404765391,"not hotspot"
"132","Central British Columbia Mountain forests",0,0.954899046914158,0.749419587914724,0.685555927040907,"not hotspot"
"133","Central bushveld",0,0.747355627398645,0.477181906853164,8.49384518981298,"not hotspot"
"134","Central Canadian Shield forests",0,0.945227674332502,0.822350535173386,1.07299778651145,"not hotspot"
"135","Central China Loess Plateau mixed forests",0,0.854190146369783,0.190784439011702,15.4638422926039,"not hotspot"
"136","Central Congolian lowland forests",0,0.969878419219329,0.744395579598362,4.39034508836866,"not hotspot"
"137","Central Deccan Plateau dry deciduous forests",0,0.896450736163368,0.0976971139703409,18.2527295403242,"not hotspot"
"138","Central European mixed forests",0,0.854165900470051,0.183930972565796,15.0818105833544,"not hotspot"
"139","Central US forest-grasslands transition",0,0.722391877098349,0.284851199535631,14.686652919055,"not hotspot"
"140","Central Indochina dry forests",99.9992147189434,0.921595518468256,0.136125662450559,13.5962147528437,"hotspot"
"141","Central Korean deciduous forests",0,0.959415420790362,0.223609967306038,16.1497463774946,"not hotspot"
"142","Central Mexican matorral",0.409831752430722,0.8532226215791,0.585456019175755,13.0390365080531,"not hotspot"
"143","Central Pacific Northwest coastal forests",0.000893207545715322,0.856597951654953,0.764483580846784,3.12494184751983,"not hotspot"
"144","Central Persian desert basins",0.0603467632030249,0.84494554835617,0.829690915830645,5.95544208375488,"not hotspot"
"145","Central Polynesian tropical moist forests",18.2244190280881,NA,NA,0.109090909090909,"not hotspot"
"146","Central Range Papuan montane rain forests",0,0.983086976476495,0.528034122974834,4.8286778190165,"not hotspot"
"147","Papuan Central Range sub-alpine grasslands",0,0.893887512768892,0.803675282372376,3.5380833878804,"not hotspot"
"148","Central Ranges xeric scrub",0,0.626761728689614,0.961085031667236,1.43534815032801,"not hotspot"
"149","Central South Antarctic Peninsula tundra",0,NA,NA,NA,"not hotspot"
"150","Central Tallgrass prairie",0,0.676821633494537,0.58639549847468,9.73059670798426,"not hotspot"
"151","Central Tibetan Plateau alpine steppe",0.0152002744088322,0.59877525723253,0.861051858521992,1.44442650490045,"not hotspot"
"152","Central Zambezian wet miombo woodlands",3.61044888759433,0.907713137360277,0.381381395159378,6.05195617373777,"not hotspot"
"153","Cerrado",0.0320601785385718,0.751890081954591,0.368848849065058,6.83740372753396,"not hotspot"
"154","Changbai Mountains mixed forests",0,1.02715016321073,0.253337506547152,7.97690569903901,"not hotspot"
"155","Changjiang Plain evergreen forests",0,0.860388337198033,0.10667606777563,16.9121527342066,"not hotspot"
"156","Chao Phraya freshwater swamp forests",99.9999999970055,0.842923974927658,0.0525127884448611,20.2921992087109,"hotspot"
"157","Chao Phraya lowland moist deciduous forests",99.5036842893328,0.912928470994201,0.0831003281161016,15.8506578721813,"hotspot"
"158","Chatham Island temperate forests",70.3036280622661,NA,NA,NA,"hotspot"
"159","Cherskii-Kolyma mountain tundra",0,1.00127075516677,0.895116295524475,0.390609909513245,"not hotspot"
"160","Chhota-Nagpur dry deciduous forests",0,0.875328516649753,0.0917710260884404,17.4182121317407,"not hotspot"
"161","Chiapas Depression dry forests",100.000000028644,0.89460818719471,0.160762590208208,9.62668228548191,"hotspot"
"162","Chiapas montane forests",99.999999638922,0.953482847930192,0.20532645371444,7.3297632522115,"hotspot"
"163","Chihuahuan desert",1.8208336227359,0.662805969160212,0.926976751869118,5.7762568514847,"not hotspot"
"164","Chilean Matorral",99.8924701740996,0.872850388478037,0.660003599078119,8.46344044976464,"hotspot"
"165","Chimalapas montane forests",0.0976453855566235,0.876012047908577,0.253273705406639,3.74464037859371,"not hotspot"
"166","Chin Hills-Arakan Yoma montane forests",99.9999999996191,1.01265858852037,0.242474116374692,6.15462365959837,"hotspot"
"167","Chiquitano dry forests",0.0459770902843573,0.784045691935802,0.515730883661277,4.45418505025827,"not hotspot"
"168","Chocó-Darién moist forests",0.0169446711958602,0.885669646719754,0.472658594068757,4.32704204649139,"not hotspot"
"169","Christmas and Cocos Islands tropical forests",28.4766405547043,NA,NA,18.9714513354831,"not hotspot"
"170","Chukchi Peninsula tundra",0,0.997016447664,0.755337870401059,0.5283797700297,"not hotspot"
"171","Clipperton Island shrub and grasslands",2.80985082073999,NA,NA,NA,"not hotspot"
"172","Cocos Island moist forests",98.4900992326083,NA,NA,NA,"hotspot"
"173","Colorado Plateau shrublands",0,0.750257042723591,0.90840780506023,4.55425407959314,"not hotspot"
"174","Colorado Rockies forests",0,0.816812222593334,0.609260790209615,3.81580208750817,"not hotspot"
"175","Comoros forests",99.1984007717863,0.965077192124212,NA,13.7008461239297,"hotspot"
"176","Cook Inlet taiga",0,0.975509060227032,0.836292466934282,3.2985964762752,"not hotspot"
"177","Cook Islands tropical moist forests",96.200139212528,NA,NA,10.629237892835,"hotspot"
"178","Coolgardie woodlands",9.7798445397363,0.676883126656834,0.946250679709726,1.63251911299408,"not hotspot"
"179","Copper Plateau taiga",0,0.993666459372741,0.764198832867587,0.924925185921244,"not hotspot"
"180","Cordillera Central páramo",99.9369687872992,0.85999474822772,0.598319140499807,6.44976706517556,"hotspot"
"181","Cordillera de Merida páramo",100.000000238788,0.923735190582891,0.382789412852294,8.08289201390891,"hotspot"
"182","Cordillera La Costa montane forests",99.6136887891472,0.96970318743509,0.325299965845888,10.6229440660243,"hotspot"
"183","Cordillera Oriental montane forests",99.8808658250875,0.894827911378827,0.487436453717554,6.57842586176185,"hotspot"
"184","Corsican montane broadleaf and mixed forests",100.00000003027,0.934305973385226,0.84693816022449,6.45892889410511,"hotspot"
"185","Costa Rican seasonal moist forests",99.9381347719446,0.922895548248337,0.228579048714937,17.9542838112713,"hotspot"
"186","Crete Mediterranean forests",95.1484089271955,0.822604311741643,0.278285385662799,12.9274619856697,"hotspot"
"187","Crimean Submediterranean forest complex",73.4196248801272,0.892524649947386,0.282042462528646,12.4221409976252,"hotspot"
"188","Cross-Niger transition forests",99.9819384578188,0.934316641333165,0.320377869102968,16.1757536634146,"hotspot"
"189","Cross-Sanaga-Bioko coastal forests",99.96824082674,0.976374864432473,0.442408975017235,7.92729892253071,"hotspot"
"190","Cross-Timbers savanna-woodland",0,0.64477602046917,0.830510296606913,10.1101088659763,"not hotspot"
"191","Cuban cactus scrub",97.4481157854686,0.899527311263708,0.215741863785333,14.9089571537849,"hotspot"
"192","Cuban dry forests",99.8892846945216,0.839654626056354,0.103858331758639,11.0895708281338,"hotspot"
"193","Cuban moist forests",99.8769168695122,0.892003381798498,0.264002080265982,10.1129482111842,"hotspot"
"194","Cuban pine forests",80.3996981115613,0.874823381515791,0.271722869539904,10.1807754070459,"hotspot"
"195","Cuban wetlands",99.9835498821458,0.863910204181185,0.17643612279268,6.1273192168548,"hotspot"
"196","Cyprus Mediterranean forests",99.4226012869674,0.858259846105926,0.222295193657281,15.6572954445,"hotspot"
"197","Da Hinggan-Dzhagdy Mountains conifer forests",0,0.922412934405419,0.477572653215234,2.71891809650442,"not hotspot"
"198","Daba Mountains evergreen forests",0.00494713048609435,0.92888400638901,0.188261605165534,12.5618004374572,"not hotspot"
"199","Daurian forest steppe",0,0.683988716109821,0.811457553592375,6.13268839816989,"not hotspot"
"200","Davis Highlands tundra",0,1.00277232249856,4.93432455388958e-18,0.0947826310149869,"not hotspot"
"201","Deccan thorn scrub forests",0.00699720640445972,0.87767808633911,0.163386764288086,18.6115884190332,"not hotspot"
"202","Dinaric Mountains mixed forests",0.291590918956381,0.910870965365076,0.392673775796523,9.89619907255206,"not hotspot"
"203","Djibouti xeric shrublands",13.4564010238897,0.889966364715925,0.755203223978092,6.45502061857466,"not hotspot"
"204","Drakensberg Escarpment savanna and thicket",99.9977237611851,0.840670621217084,0.529094744446142,11.9949327842495,"hotspot"
"205","Drakensberg grasslands",66.5295814753465,0.771246329015934,0.688399145260364,9.84484971225485,"hotspot"
"206","Rock and Ice",4.49908332835291e-05,0.875357088703486,0.790305925359764,0.151730160380746,"not hotspot"
"207","Dry Chaco",0.0207804366620142,0.789779694452986,0.585869123854719,4.50477738118307,"not hotspot"
"208","East Afghan montane conifer forests",0,0.881279779352166,0.722423994440473,8.73820869608635,"not hotspot"
"209","East African halophytics",2.29944595649847,0.906444828085197,0.780533273068389,5.09309530255033,"not hotspot"
"210","East African mangroves",54.5287433613538,0.933489546459509,0.541435330048025,8.3891823169173,"hotspot"
"211","East Antarctic tundra",0,NA,NA,NA,"not hotspot"
"212","East Arabian fog shrublands and sand desert",25.3536223318979,0.878085060783212,0.0582156782840393,2.29528332100898,"not hotspot"
"213","East Central Texas forests",0,0.672597462290872,0.233819018633355,8.76618235742208,"not hotspot"
"214","East Deccan dry-evergreen forests",0,0.801297775965072,0.0871313772253745,22.1027514544125,"not hotspot"
"215","East European forest steppe",0,0.813219736512926,0.120981375894621,13.2945328381534,"not hotspot"
"216","East Sahara Desert",0,0.863221683166408,0.00112655007653481,0.768402597387942,"not hotspot"
"217","East Saharan montane xeric woodlands",0,0.7775588765199,0.930179767607195,2.34756967814755,"not hotspot"
"218","East Siberian taiga",0,0.963954846672143,0.720846831843987,0.866741719653529,"not hotspot"
"219","East Sudanian savanna",1.28709514630954,0.816673989018366,0.482057707559871,6.30834137637069,"not hotspot"
"220","Eastern Anatolian deciduous forests",0.00353445749688412,0.851541169648209,0.439996553746724,10.7287055809303,"not hotspot"
"221","Eastern Anatolian montane steppe",0.0480429588514632,0.863349954653163,0.687141412599037,11.1269402775041,"not hotspot"
"222","Eastern Australia mulga shrublands",0,0.648207698092578,0.960095929662572,4.5304682984759,"not hotspot"
"223","Eastern Australian temperate forests",0,0.830310472537067,0.552336558538743,6.8002811510047,"not hotspot"
"224","Eastern Canadian forests",0,0.966599447193907,0.766268522314003,1.03665992888002,"not hotspot"
"225","Eastern Canadian Shield taiga",0,0.994854419379856,0.918687948675402,0.119185093771376,"not hotspot"
"226","Eastern Cascades forests",2.66736124417614,0.787042253926997,0.562282879662838,2.78080389603892,"not hotspot"
"227","Eastern Congolian swamp forests",0,0.976573303138113,0.660146392749462,5.04018979885417,"not hotspot"
"228","Eastern Cordillera Real montane forests",99.95744097348,0.893180026149501,0.465076483226539,5.97801887222925,"hotspot"
"229","Eastern Canadian Forest-Boreal transition",0,0.911272226164962,0.638199363869272,2.5233979057768,"not hotspot"
"230","Eastern Gobi desert steppe",0,0.639731835370786,0.825890564457985,4.09036157451859,"not hotspot"
"231","Eastern Great Lakes lowland forests",0,0.841652198197725,0.125980762679509,17.6614727354378,"not hotspot"
"232","Eastern Guinean forests",99.9715622266788,0.960988137338333,0.305656164194218,8.78868162463287,"hotspot"
"233","East Deccan moist deciduous forests",0,0.937785652850891,0.116397781035518,15.374030877959,"not hotspot"
"234","Eastern Himalayan alpine shrub and meadows",99.7740385295335,0.761475418693314,0.781726389409384,5.07163347656707,"hotspot"
"235","Eastern Himalayan broadleaf forests",99.9946315777064,0.972314709150903,0.415029887826724,7.02380841107476,"hotspot"
"236","Eastern Himalayan subalpine conifer forests",93.6925588813728,0.907267843947268,0.645899123500232,5.22220624330403,"hotspot"
"237","Eastern Java-Bali montane rain forests",99.9792362146102,0.889264838800859,0.224435957605012,13.9333581716964,"hotspot"
"238","Eastern Java-Bali rain forests",99.4861190625665,0.826499266236953,0.126057404525833,20.7471377634579,"hotspot"
"239","Eastern Mediterranean conifer-broadleaf forests",0.0562506031825118,0.787870314396125,0.385322394893952,16.936846689284,"not hotspot"
"240","Eastern Micronesia tropical moist forests",91.595341801812,NA,NA,NA,"hotspot"
"241","Eastern Panamanian montane forests",0.258370472957772,0.893604949416428,0.521106093972536,4.13700925899031,"not hotspot"
"242","Ecuadorian dry forests",99.9919497954679,0.882760561813346,0.13311085916492,10.9874487826429,"hotspot"
"243","Edwards Plateau savanna",0,0.565667618016303,0.732237865624977,6.18014747507315,"not hotspot"
"244","Einasleigh upland savanna",0,0.665314574373096,0.871687231439361,3.19036682818785,"not hotspot"
"245","Elburz Range forest steppe",0.0442406131338194,0.838207734010767,0.674665853937685,10.1504722232906,"not hotspot"
"246","Ellsworth Land tundra",0,NA,NA,NA,"not hotspot"
"247","Ellsworth Mountains tundra",0,NA,NA,NA,"not hotspot"
"248","Emin Valley steppe",0.0476736273570542,0.740589016768828,0.889200489639139,6.55521685232701,"not hotspot"
"249","Enderby Land tundra",0,NA,NA,NA,"not hotspot"
"250","English Lowlands beech forests",0,0.803376652090723,0.0945320944761733,28.9855688675649,"not hotspot"
"251","Enriquillo wetlands",99.7234031320566,0.842608043798939,0.0789602831389051,9.083495390396,"hotspot"
"252","Eritrean coastal desert",99.8059578768556,0.810703428727888,0.947017860632422,4.66185700442464,"hotspot"
"253","Esperance mallee",99.7342196831755,0.67981141688849,0.720438512105321,5.4031729148394,"hotspot"
"254","Espinal",0,0.685973229671747,0.619136070509875,7.8117316179429,"not hotspot"
"255","Ethiopian montane forests",64.4999021261679,0.946910084865296,0.267857258204881,7.30940925417923,"hotspot"
"256","Ethiopian montane grasslands and woodlands",7.49078397367515,0.956901199217297,0.27570898127119,11.8531943489276,"not hotspot"
"257","Ethiopian montane moorlands",99.9993042744935,0.962322501672939,0.306032644962631,10.6198484091871,"hotspot"
"258","Etosha Pan halophytics",0,0.766976269968493,0.840551046420709,2.88523904239953,"not hotspot"
"259","Euxine-Colchic broadleaf forests",26.1849008886698,0.928314604593084,0.368330951737277,11.2852886853056,"not hotspot"
"260","Everglades flooded grasslands",0,0.777152842979076,0.180052764506226,10.4191748639604,"not hotspot"
"261","Eyre and York mallee",0,0.700993754276534,0.412765816289743,8.85008640724055,"not hotspot"
"262","Faroe Islands boreal grasslands",0,0.943478581065936,NA,10.8543050254006,"not hotspot"
"263","Fernando de Noronha-Atol das Rocas moist forests",98.2679660631719,1.04848289489746,NA,NA,"hotspot"
"264","Fiji tropical dry forests",99.3349608784302,0.996069474074984,NA,15.2354232395497,"hotspot"
"265","Fiji tropical moist forests",98.9497578389672,1.03518288196838,NA,10.8726107949882,"hotspot"
"266","Fiordland temperate forests",96.6880247568881,0.705481206271742,0.79185215359865,1.49522956801726,"hotspot"
"267","Flinders-Lofty montane woodlands",0,0.665690903264256,0.690386843369756,6.47453081459119,"not hotspot"
"268","Flint Hills tallgrass prairie",0,0.576204571953492,0.905387090699693,6.42305739177246,"not hotspot"
"269","Fraser Plateau and Basin conifer forests",0,0.939234947016705,0.765149400660016,0.719106957327124,"not hotspot"
"270","Fynbos shrubland",17.8461339751707,0.678838785967839,0.673267051851028,8.82046609559398,"not hotspot"
"271","Galápagos Islands xeric scrub",99.9601094416616,0.950727339713172,6.53072367426563e-18,NA,"hotspot"
"272","Gariep Karoo",1.08411661728372,0.61379919615839,0.469962709823816,3.92938174491309,"not hotspot"
"273","Ghorat-Hazarajat alpine meadow",0,0.837426804791522,0.759719501175292,8.12958809458022,"not hotspot"
"274","Gibson desert",0,0.611149853080642,0.977091557864918,0.340357579315312,"not hotspot"
"275","Gissaro-Alai open woodlands",99.9277886703884,0.833572401706799,0.798714396673256,10.316368915091,"hotspot"
"276","Godavari-Krishna mangroves",0,0.843427627177764,0.0983263184616723,17.9503827411421,"not hotspot"
"277","Gobi Lakes Valley desert steppe",0,0.622109156520757,0.902032324278387,3.1578218818094,"not hotspot"
"278","Granitic Seychelles forests",66.4874363519171,0.94979506673924,NA,NA,"hotspot"
"279","Great Basin montane forests",0.146748167469422,0.871694037312686,0.871685686794733,2.39774054926723,"not hotspot"
"280","Great Basin shrub steppe",0.272667249477274,0.794569719524504,0.947812420786625,4.01217198680756,"not hotspot"
"281","Great Lakes Basin desert steppe",0,0.613051484119777,0.788464211590943,3.915979382169,"not hotspot"
"282","Great Sandy-Tanami desert",0,0.619962054112362,0.995160967563659,0.533956110036086,"not hotspot"
"283","Great Victoria desert",0,0.615097920573035,0.979283379944914,0.624442061263199,"not hotspot"
"284","Greater Negros-Panay rain forests",98.926697224599,0.883508179069059,0.135369921769179,17.048401197492,"hotspot"
"285","Guajira-Barranquilla xeric scrub",0.0551236870200616,0.884080178590612,0.453702389270641,12.148499081242,"not hotspot"
"286","Guayaquil flooded grasslands",0.00390418137356897,0.862142696845639,0.0788295205700118,13.1004545756052,"not hotspot"
"287","Guianan freshwater swamp forests",0,0.947966529691037,0.722584281319036,3.8430926781999,"not hotspot"
"288","Guianan Highlands moist forests",0,0.937265356481534,0.774482156302593,0.463424269786628,"not hotspot"
"289","Guianan lowland moist forests",0,0.963351223753811,0.810388557132494,1.21800541780401,"not hotspot"
"290","Guianan piedmont moist forests",0,0.937279289799154,0.789222267712585,0.571560395781975,"not hotspot"
"291","Guianan savanna",0,0.795235513065238,0.631536429982891,3.03420327761999,"not hotspot"
"292","Guinean forest-savanna",0.0351627840577869,0.920485751767244,0.405612621624616,8.66612495946768,"not hotspot"
"293","Guinean mangroves",0.0320848538278906,0.947122674831423,0.256272105670537,7.96700384137794,"not hotspot"
"294","Guinean montane forests",99.8430503474674,0.941926380473037,0.312454225009066,7.50605717912885,"hotspot"
"295","Guizhou Plateau broadleaf and mixed forests",8.9912052117076e-06,0.90030718798473,0.142975126867316,12.666394655451,"not hotspot"
"296","Gulf of California xeric scrub",0,0.875412706768038,0.905259742920106,4.46141826052432,"not hotspot"
"297","Gulf of St. Lawrence lowland forests",0,0.903330546207321,0.329483872345609,8.30126183672952,"not hotspot"
"298","Gurupa várzea",0,0.927730873075695,0.301989701695911,1.76053150458207,"not hotspot"
"299","Hainan Island monsoon rain forests",99.9876829870182,1.00988050927425,0.116974425118112,10.4648337556818,"hotspot"
"300","Halmahera rain forests",98.4818419812471,1.00825922932384,0.735890378287394,8.08785343103663,"hotspot"
"301","Hampton mallee and woodlands",0.617338172223705,0.659789936898549,0.760256027771119,2.42220419273432,"not hotspot"
"302","Hawai'i tropical dry forests",99.4868249931468,0.722704434465147,1.00929365875014e-17,8.13013797184006,"hotspot"
"303","Hawai'i tropical high shrublands",100.000000124697,0.744203547911902,0,2.00630350950325,"hotspot"
"304","Hawai'i tropical low shrublands",97.4118013653733,0.689952074676546,0,12.2031865189626,"hotspot"
"305","Hawai'i tropical moist forests",99.9052546078412,0.798438956862132,7.40148683083438e-18,7.5267484815394,"hotspot"
"306","Helanshan montane conifer forests",0,0.795541428248563,0.5043984796046,8.49550431802471,"not hotspot"
"307","Hengduan Mountains subalpine conifer forests",99.7887132306622,0.852752805553263,0.54134127738878,8.43294033104539,"hotspot"
"308","Canadian High Arctic tundra",0,1.00154264341572,0.00781688879862028,0.0143075177637205,"not hotspot"
"309","High Monte",0.0817020203188965,0.872423293826949,0.901962779211859,2.95321294634801,"not hotspot"
"310","Highveld grasslands",1.95294418974356,0.715814408457936,0.565740829994684,10.2690525032904,"not hotspot"
"311","Himalayan subtropical broadleaf forests",98.3636261181886,0.937805762561995,0.365597497861958,14.22906699423,"hotspot"
"312","Himalayan subtropical pine forests",99.846265738521,0.944207359142283,0.507605900028236,14.024091715913,"hotspot"
"313","Hindu Kush alpine meadow",0.0107288747037995,0.903919443145664,0.84789806092466,7.52025874649319,"not hotspot"
"314","Hispaniolan dry forests",99.5120244747455,0.882594778527262,0.105925523371751,13.4962536082655,"hotspot"
"315","Hispaniolan moist forests",99.8622372085053,0.89375061826277,0.139119769982852,13.553581086581,"hotspot"
"316","Hispaniolan pine forests",99.9999998725272,0.916519479130553,0.283564555668977,10.0868847760574,"hotspot"
"317","Hobyo grasslands and shrublands",99.8939176583966,0.762921311665315,0.887060107157157,4.50120637228628,"hotspot"
"318","Hokkaido deciduous forests",65.8063102296434,0.925474314629981,0.338642671413514,13.5977512717641,"hotspot"
"319","Hokkaido montane conifer forests",99.2560936735032,0.950784706449026,0.488932649566165,10.3665601056928,"hotspot"
"320","Honshu alpine conifer forests",100.000000178963,0.984896568480237,0.586681623115865,13.5011889091672,"hotspot"
"321","Horn of Africa xeric bushlands",0.0254801488482572,0.801081132989882,0.7281897326699,5.49896455046355,"not hotspot"
"322","Huang He Plain mixed forests",0,0.787212186636738,0.0714206459286351,20.4594470057933,"not hotspot"
"323","Humid Chaco",0.0185760728155529,0.768357690099099,0.487877766841908,6.77069596023922,"not hotspot"
"324","Humid Pampas",0,0.65395415484519,0.560031637095223,10.8617588279607,"not hotspot"
"325","Huon Peninsula montane rain forests",0,1.01226859569843,0.277173809179213,7.29744795923032,"not hotspot"
"326","Iberian conifer forests",99.999999931757,0.779223758793105,0.240651353655614,7.91281673927861,"hotspot"
"327","Iberian sclerophyllous and semi-deciduous forests",99.9699341941245,0.79248861222585,0.219074358948873,11.9974273331056,"hotspot"
"328","Iceland boreal birch forests and alpine tundra",0,0.84801795103505,0.580967847956029,3.14742485953889,"not hotspot"
"329","Illyrian deciduous forests",96.840479036986,0.86435713098309,0.363553424338767,15.0406371453341,"hotspot"
"330","Indochina mangroves",98.7781373814778,0.856551407853771,0.123784338041574,18.5079711500748,"hotspot"
"331","Indus River Delta-Arabian Sea mangroves",0.00489061068147089,0.91265651084944,0.485089456741692,17.045720606724,"not hotspot"
"332","Indus Valley desert",0,0.918164515580241,0.733423544420379,11.4531373467496,"not hotspot"
"333","Inner Niger Delta flooded savanna",0,0.849795876581502,0.813164459335634,7.4692720055606,"not hotspot"
"334","Interior Alaska-Yukon lowland taiga",0,0.996263659434346,0.88465376275745,0.424925439542654,"not hotspot"
"335","Interior Plateau US Hardwood Forests",0,0.810011893051613,0.248991897977641,12.2697133239234,"not hotspot"
"336","Interior Yukon-Alaska alpine tundra",0,1.00178518707081,0.877419336387933,0.310517065921735,"not hotspot"
"337","Iquitos várzea",0.00159975491177695,0.953248280623641,0.662379255179085,2.11682159659247,"not hotspot"
"338","Irrawaddy dry forests",100.000000010098,0.873294092506528,0.0793934768698025,15.7777763895315,"hotspot"
"339","Irrawaddy freshwater swamp forests",99.8022118839232,0.81402688277958,0.0348247616513151,16.181771266831,"hotspot"
"340","Irrawaddy moist deciduous forests",99.9937717328368,0.944104102702377,0.123140728592201,12.6550733596884,"hotspot"
"341","Islas Revillagigedo dry forests",59.3878695372228,NA,NA,NA,"hotspot"
"342","Isthmian-Atlantic moist forests",99.9300616487661,0.925666428262787,0.348096208336404,9.10076104285752,"hotspot"
"343","Isthmian-Pacific moist forests",99.8858498270382,0.907045150513745,0.235228569682731,10.1246804409485,"hotspot"
"344","Italian sclerophyllous and semi-deciduous forests",98.8280981181221,0.86447144977966,0.352439250082987,20.0968203964362,"hotspot"
"345","Itigi-Sumbu thicket",9.08506452609053,0.886346032535844,0.72776175280514,5.94447267547152,"not hotspot"
"346","Jalisco dry forests",0.353506673654864,0.902055810946078,0.218664197306899,8.72736237703765,"not hotspot"
"347","Jamaican dry forests",98.9252952910781,0.925771836315004,0.220601710216193,17.8790948130766,"hotspot"
"348","Jamaican moist forests",99.9749714023377,0.961226065055531,0.38796905362389,14.262071222379,"hotspot"
"349","Japurá-Solimões-Negro moist forests",0,0.95640298461851,0.734638099999236,0.513560484595081,"not hotspot"
"350","Jarrah-Karri forest and shrublands",99.6933112314227,0.715947724020421,0.908454902467566,5.03556301921737,"hotspot"
"351","Jian Nan subtropical evergreen forests",0.0345885980440046,0.960770838493622,0.143927998948385,11.5423182319457,"not hotspot"
"352","Jos Plateau forest-grassland",0,0.954565131368797,0.497466512778945,14.8230187134025,"not hotspot"
"353","Juan Fernández Islands temperate forests",95.4240191738282,NA,NA,NA,"hotspot"
"354","Junggar Basin semi-desert",0.0780640475628222,0.780977920685901,0.827915491589898,4.84003617048558,"not hotspot"
"355","Juruá-Purus moist forests",0,0.963770397384526,0.910320199587256,0.68553092625073,"not hotspot"
"356","Kalaallit Nunaat High Arctic tundra",0,0.99533564344359,NA,0.0174489900484317,"not hotspot"
"357","Kalahari Acacia woodlands",0,0.651998564337648,0.935253577555165,1.31873301392552,"not hotspot"
"358","Kalahari xeric savanna",0,0.653924506486991,0.891299220454393,3.92465837088229,"not hotspot"
"359","Kamchatka-Kurile meadows and sparse forests",0,0.93742918337371,0.547772314090996,1.22262415531258,"not hotspot"
"360","Kamchatka taiga",0,0.928303762203844,0.720428784787105,1.70654948287054,"not hotspot"
"361","Kaokoveld desert",0,0.734434891640368,0.24784946905977,2.3767300688096,"not hotspot"
"362","Karakoram-West Tibetan Plateau alpine steppe",0.158941759903465,0.836124427525778,0.858048753230086,4.16362961587721,"not hotspot"
"363","Kayah-Karen montane rain forests",99.9999999352506,1.02027963275051,0.217617207787989,6.13133297169729,"hotspot"
"364","Kazakh forest steppe",0,0.771846235074051,0.451765867373413,10.911627910219,"not hotspot"
"365","Kazakh semi-desert",0,0.577669970293855,0.964589631025722,5.02697552263306,"not hotspot"
"366","Kazakh steppe",0,0.689748056950279,0.804559234195551,8.6312348206027,"not hotspot"
"367","Kazakh upland steppe",0,0.649053352767475,0.893360084098448,7.44935541395723,"not hotspot"
"368","Kermadec Islands subtropical moist forests",91.0372927148449,NA,NA,NA,"hotspot"
"369","Khangai Mountains alpine meadow",0,0.607315537588626,0.724485251850623,5.48679760522646,"not hotspot"
"370","Khangai Mountains conifer forests",0,0.585066443841997,0.623863875204815,5.93660058740845,"not hotspot"
"371","Khathiar-Gir dry deciduous forests",0.00641715615013983,0.900730845198425,0.0779550304055656,17.5050581895926,"not hotspot"
"372","Kimberly tropical savanna",0,0.69271229440983,0.800210257700171,1.90379593725573,"not hotspot"
"373","Klamath-Siskiyou forests",99.0099974896004,0.827442244097306,0.725787274602556,3.74719984967347,"hotspot"
"374","Knysna-Amatole montane forests",3.26087887706453,0.863982345125106,0.684949130344382,11.9051757242163,"not hotspot"
"375","Kola Peninsula tundra",0,0.924902734103637,0.927870575620957,1.99584809601827,"not hotspot"
"376","Kopet Dag semi-desert",0.123301960136988,0.772342501066838,0.879996002749356,8.31435306977955,"not hotspot"
"377","Kopet Dag woodlands and forest steppe",0.00773192771797916,0.791178229098115,0.862271928671085,8.43200637296013,"not hotspot"
"378","Kuh Rud and Eastern Iran montane woodlands",0.00690373248384919,0.891350196448651,0.752928676933363,6.2570385050233,"not hotspot"
"379","Kwazulu Natal-Cape coastal forests",99.4195715962314,0.870368337787739,0.206328888216755,16.6596219095038,"hotspot"
"380","La Costa xeric shrublands",0.0573347807073991,0.878084333290713,0.416095283575024,9.66816367087577,"not hotspot"
"381","Lake Chad flooded savanna",0,0.895550817671884,0.55159868184553,10.5965185008961,"not hotspot"
"382","Lara-Falcón dry forests",0.0178793262937494,0.929183393052812,0.128300792987825,7.45563502695885,"not hotspot"
"383","Leeward Islands moist forests",99.5022373397031,0.933428605303036,NA,17.8874945184987,"hotspot"
"384","Lesser Sundas deciduous forests",98.0212556067404,0.953608463917339,0.437967673284577,12.0942018640621,"hotspot"
"385","Limpopo lowveld",63.4988821283825,0.820908111350701,0.353369585983723,9.23618719685764,"hotspot"
"386","Llanos",0.00158614780540014,0.743745275608228,0.273820323467515,5.02568967206654,"not hotspot"
"387","Lord Howe Island subtropical forests",62.3719217820696,0.982904192077342,NA,4,"hotspot"
"388","Louisiade Archipelago rain forests",0,1.03829664378138,0.320091320104665,6.14717206589564,"not hotspot"
"389","Low Monte",0,0.76043852654709,0.876938074822139,4.96979598638403,"not hotspot"
"390","Lower Gangetic Plains moist deciduous forests",0.000453092576447058,0.780998630104105,0.0533607209792354,19.6488782406811,"not hotspot"
"391","Luang Prabang montane rain forests",99.9999999625811,1.00828656336497,0.275485639036744,6.83058856512078,"hotspot"
"392","Luzon montane rain forests",99.9999998048307,0.966264677482187,0.280128224457692,7.91711641212744,"hotspot"
"393","Luzon rain forests",99.3348882151719,0.897407986344025,0.164967372893686,16.2216783234994,"hotspot"
"394","Luzon tropical pine forests",100.000000355219,0.940175116704181,0.272491703346547,10.7770923665178,"hotspot"
"395","Madagascar dry deciduous forests",99.9154868173939,0.775451586220813,0.349552120013025,6.52548951935165,"hotspot"
"396","Madagascar ericoid thickets",99.9999992473028,0.935975147011677,0.785836337029014,8.24318338721712,"hotspot"
"397","Madagascar humid forests",99.9754243711236,0.954207708204667,0.560487152579745,7.32753262764385,"hotspot"
"398","Madagascar mangroves",99.1419520280342,0.830528651530537,0.37254411409028,6.34934118133681,"hotspot"
"399","Madagascar spiny thickets",99.9788634659714,0.818201578149401,0.821863447343198,7.9621152699061,"hotspot"
"400","Madagascar subhumid forests",99.987938590045,0.840703278985628,0.50566752570743,7.82223501666533,"hotspot"
"401","Madagascar succulent woodlands",99.9767405756992,0.782371423329181,0.706806795884076,7.43635609808235,"hotspot"
"402","Madeira-Tapajós moist forests",0.00258151498613367,0.932490809829835,0.738013892083504,2.06657743092329,"not hotspot"
"403","Madeira evergreen forests",94.4667712146904,0.936299140310585,0,20.1076458396104,"hotspot"
"404","Magdalena-Urabá moist forests",0.115127898179443,0.907415019971657,0.188286532590589,10.5858936631788,"not hotspot"
"405","Magdalena Valley dry forests",99.9999999854299,0.854555299339216,0.190692445608949,12.2768163374644,"hotspot"
"406","Magdalena Valley montane forests",99.9442975751425,0.905473950991901,0.405674439356064,10.2074973374986,"hotspot"
"407","Magellanic subpolar forests",0.0146695842091648,0.842503089499614,0.497115466434885,1.7984324220184,"not hotspot"
"408","Makgadikgadi halophytics",0,0.7889283018592,0.694825591777728,3.36127645792229,"not hotspot"
"409","Malabar Coast moist forests",0.0262411796239028,0.873462933358196,0.0939671467392427,19.8503946590074,"not hotspot"
"410","Maldives-Lakshadweep-Chagos Archipelago tropical moist forests",45.1083685724605,0.932362974729952,0.134615771076116,17.3704202479728,"not hotspot"
"411","Malpelo Island xeric scrub",98.2144046234585,NA,NA,NA,"hotspot"
"412","Manchurian mixed forests",0,0.947870208244268,0.299289439841567,7.2880961335775,"not hotspot"
"413","Mandara Plateau woodlands",0,0.96665550966809,0.284361499030841,15.363683577564,"not hotspot"
"414","Maputaland coastal forests and woodlands",0.0135392243105117,0.905526346265143,0.180127214806096,10.2905167577638,"not hotspot"
"415","Maracaibo dry forests",0.0748175648543878,0.860737831473247,0.152695038549955,10.9565387709732,"not hotspot"
"416","Marajó várzea",0,0.926472861987104,0.431268435762819,2.58179307872813,"not hotspot"
"417","Maranhão Babaçu forests",0.00105220438793965,0.948680376320219,0.370215997553843,7.48239054438293,"not hotspot"
"418","Marañón dry forests",99.9947273966529,0.91904019488147,0.507298284411451,6.80891485354714,"hotspot"
"419","Marianas tropical dry forests",98.3882293592493,NA,NA,19.6736643469611,"hotspot"
"420","Marquesas tropical moist forests",98.8835705979241,NA,NA,2.3874139626352,"hotspot"
"421","Masai xeric grasslands and shrublands",0.870174330184858,0.764364777318244,0.922415242650357,2.93639553520636,"not hotspot"
"422","Mascarene forests",83.195921938518,0.869367043216128,NA,19.1741140172015,"hotspot"
"423","Mato Grosso tropical dry forests",0.0301333110617275,0.866509914419013,0.621741356241626,2.77298534007638,"not hotspot"
"424","Mediterranean Acacia-Argania dry woodlands and succulent thickets",99.7565384848127,0.820627874523047,0.653817936665069,9.89305821335024,"hotspot"
"425","Mediterranean conifer and mixed forests",99.9920158161345,0.872557846235436,0.28758509882464,13.6711215807037,"hotspot"
"426","Mediterranean dry woodlands and steppe",99.7852949944381,0.740530709333687,0.798369312110977,7.69188120416361,"hotspot"
"427","Mediterranean High Atlas juniper steppe",100.000000072168,0.886090730440911,0.90024837552303,8.65753945123667,"hotspot"
"428","Mediterranean woodlands and forests",99.9623423292404,0.817600554737388,0.377519584482758,13.1286180698212,"hotspot"
"429","Meghalaya subtropical forests",0.00772839790683026,0.979760014372999,0.167353187458015,10.3043541041298,"not hotspot"
"430","Mentawai Islands rain forests",96.6192973139666,0.981790416780096,0.590648228249979,6.8846448553173,"hotspot"
"431","Meseta Central matorral",0.210430143077267,0.755899793450949,0.817097942271059,5.95417655360855,"not hotspot"
"432","Mesoamerican Gulf-Caribbean mangroves",99.6288139777717,0.923954049793023,0.162211720675749,6.95062999539189,"hotspot"
"433","Mesopotamian shrub desert",0.00066449653148439,0.865368090655604,0.638004611185491,7.57833198226705,"not hotspot"
"434","Mid-Canada Boreal Plains forests",0,0.852648414423215,0.572889680690737,1.92048885871563,"not hotspot"
"435","Canadian Middle Arctic Tundra",0,1.00180923741093,0.690223299837061,0.0456056179952856,"not hotspot"
"436","Mid-Atlantic US coastal savannas",0,0.834165001670356,0.237257990130972,12.415187820334,"not hotspot"
"437","Midwest Canadian Shield forests",0,0.955136968206342,0.874282084490322,0.313464637068796,"not hotspot"
"438","Mindanao-Eastern Visayas rain forests",99.2129395991633,0.926116349293528,0.20080060786101,13.9902051005119,"hotspot"
"439","Mindanao montane rain forests",99.9999998278124,0.961814880560148,0.221235032182069,9.63968428967257,"hotspot"
"440","Mindoro rain forests",99.4096426938699,0.926943007717835,0.171724278611693,13.5986818949635,"hotspot"
"441","Miskito pine forests",99.9866380050186,0.84642255944883,0.267595857174296,4.36730993826635,"hotspot"
"442","Mississippi lowland forests",0,0.681897754635879,0.112792096680148,9.34487814851698,"not hotspot"
"443","Mitchell Grass Downs",0,0.629241562353064,0.956122842205035,3.74678061976965,"not hotspot"
"444","Mizoram-Manipur-Kachin rain forests",0.00496613977004562,1.01141445561758,0.255989258191913,7.55246433486478,"not hotspot"
"445","Mojave desert",0.309352900856848,0.794506073258682,0.93724769589443,4.4640910608488,"not hotspot"
"446","Mongolian-Manchurian grassland",0,0.679637978574194,0.798337559874771,8.0944407115417,"not hotspot"
"447","Montana Valley and Foothill grasslands",0,0.666304983771172,0.673951337539023,5.39014268061119,"not hotspot"
"448","Monte Alegre várzea",0,0.94769437320566,0.557875672340948,1.95247839238451,"not hotspot"
"449","Motagua Valley thornscrub",99.9999998369558,0.951129547654971,0.328885900430276,12.6222612622557,"hotspot"
"450","Mount Cameroon and Bioko montane forests",100.000000102699,1.00136062258824,0.584886737901517,7.80221724883695,"hotspot"
"451","Mulanje Montane forest-grassland",5.71852203261384,0.805279162064389,0.449134810677816,8.90459634900473,"not hotspot"
"452","Murray-Darling woodlands and mallee",0,0.663885945920179,0.570835330678747,6.81242321555854,"not hotspot"
"453","Muskwa-Slave Lake taiga",0,0.971394682965662,0.846561474131682,0.433951597681056,"not hotspot"
"454","Myanmar Coast mangroves",94.7903354864564,0.921535914540693,0.161317228960082,13.6644417806656,"hotspot"
"455","Myanmar coastal rain forests",98.5421318689972,0.953049449904351,0.133967081164373,11.6130738130155,"hotspot"
"456","Nama Karoo shrublands",3.74048315001008e-06,0.545314633472626,0.582941931507196,6.79569794646065,"not hotspot"
"457","Namaqualand-Richtersveld steppe",1.76959948111356,0.619243830281166,0.452664824714245,4.47011358156742,"not hotspot"
"458","Namib Desert",4.83249291089825,0.806735462429573,0.207010003215707,1.65110834041808,"not hotspot"
"459","Namibian savanna woodlands",0,0.665407045340953,0.81677071355452,4.3342260791064,"not hotspot"
"460","Nansei Islands subtropical evergreen forests",88.3962741643443,0.963732635057499,0.523123675202024,17.8554002395784,"hotspot"
"461","Napo moist forests",0.00724796251378328,0.949533795234716,0.665472711506458,2.00070131056988,"not hotspot"
"462","Naracoorte woodlands",0,0.719908615341383,0.37568023824983,9.29176943233287,"not hotspot"
"463","Narmada Valley dry deciduous forests",0.0119328498438281,0.922989409886379,0.0832883923116452,17.1617765734351,"not hotspot"
"464","Nebraska Sand Hills mixed grasslands",0,0.523445706881319,0.973428584146468,4.78069812127207,"not hotspot"
"465","Negro-Branco moist forests",0,0.948461494749648,0.715687034285407,0.445256680783836,"not hotspot"
"466","Nelson Coast temperate forests",99.4597003313302,0.793452377833561,0.840274858763973,3.98491495452474,"hotspot"
"467","Nenjiang River grassland",0,0.832592144290438,0.793063591738339,13.6601733850874,"not hotspot"
"468","New Britain-New Ireland lowland rain forests",97.3130514270613,1.03196926494498,0.370990137481778,8.17295950090766,"hotspot"
"469","New Britain-New Ireland montane rain forests",99.996470903238,1.03370095982021,0.370248359142909,5.95206179439252,"hotspot"
"470","New Caledonia dry forests",97.2810817262644,0.919304274073492,NA,12.1441259661309,"hotspot"
"471","New Caledonia rain forests",95.7724989018225,0.961749941160731,NA,7.41154004206389,"hotspot"
"472","New England-Acadian forests",0,0.90384191264897,0.509027657658178,6.59365339514846,"not hotspot"
"473","New Guinea mangroves",0,0.973438557513756,0.520028527807663,3.35562395405171,"not hotspot"
"474","Nicobar Islands rain forests",87.8352037425766,1.01239094437524,0.164383326577099,8.80034452456937,"hotspot"
"475","Niger Delta swamp forests",99.9492841181108,0.989887165459389,0.474454997347807,16.8319717955495,"hotspot"
"476","Nigerian lowland forests",99.9716859131119,0.955347158007019,0.242740760745973,11.7441399102849,"hotspot"
"477","Nihonkai evergreen forests",98.5961183779612,0.994993540450192,0.329099490866901,21.6825799530427,"hotspot"
"478","Nihonkai montane deciduous forests",99.6533755501538,0.990542481842692,0.550542174095119,15.1808764632494,"hotspot"
"479","Nile Delta flooded savanna",0.0265959645108334,0.776832636753178,0.696775396144384,24.312606144945,"not hotspot"
"480","Norfolk Island subtropical forests",68.6100126946249,NA,NA,NA,"hotspot"
"481","Northeast Antarctic Peninsula tundra",0,NA,NA,NA,"not hotspot"
"482","Northwest Antarctic Peninsula tundra",0,NA,NA,NA,"not hotspot"
"483","North Arabian desert",0.131761768884413,0.834910076433798,0.355536192325936,4.72935194146755,"not hotspot"
"484","North Arabian highland shrublands",0,0.783698573643147,8.5401771125012e-18,3.81832174789027,"not hotspot"
"485","New Zealand North Island temperate forests",98.529034219228,0.718123843995095,0.479726510584516,8.73847523825867,"hotspot"
"486","North Saharan Xeric Steppe and Woodland",0.00627744190715045,0.828276206110306,0.412069775275956,3.01120998464055,"not hotspot"
"487","Somali montane xeric woodlands",99.9687056579824,0.774179349852503,0.606112742463008,4.45329103592766,"hotspot"
"488","North Tibetan Plateau-Kunlun Mountains alpine desert",0.00124942535715758,0.678810938294138,0.496353355597038,0.916471888433323,"not hotspot"
"489","North Victoria Land tundra",0,NA,NA,NA,"not hotspot"
"490","North Western Ghats moist deciduous forests",99.8955198621615,0.919042086538581,0.118736741109937,17.5830135632499,"hotspot"
"491","North Western Ghats montane rain forests",99.9771192465553,0.978843735653563,0.147778959489242,13.2104736014512,"hotspot"
"492","Northeast China Plain deciduous forests",0,0.8284234190065,0.171024759725439,15.7408548249876,"not hotspot"
"493","Northeast India-Myanmar pine forests",0.000461016609123774,1.0173902035102,0.305944465555127,7.67694176231273,"not hotspot"
"494","Northeast Siberian coastal tundra",0,1.00240665677469,0.884914987335715,0.501631710939379,"not hotspot"
"495","Northeast Siberian taiga",0,0.997286615024802,0.752788354147308,0.852601735186753,"not hotspot"
"496","Northeast Brazil restingas",0.00191421184497086,0.913645088996249,0.255132467233632,7.40555873232404,"not hotspot"
"497","Northeast Congolian lowland forests",8.40655141130676,0.966195700018897,0.723178600977978,4.8283994420513,"not hotspot"
"498","Northeast Himalayan subalpine conifer forests",99.5788369538025,0.765345229511751,0.698572020716887,3.74952837581792,"hotspot"
"499","Northeast Spain and Southern France Mediterranean forests",98.6547047171082,0.882456401324225,0.410161299258987,17.8798988468939,"hotspot"
"500","Northeast US Coastal forests",0,0.89780658311613,0.311328728101315,27.8849997872161,"not hotspot"
"501","Northern Acacia-Commiphora bushlands and thickets",5.01595428707705,0.784130597539713,0.798187273935774,6.098118986518,"not hotspot"
"502","Northern Anatolian conifer and deciduous forests",10.5364160958324,0.879051692339144,0.383890284376341,9.362618485559,"not hotspot"
"503","Northern Andean páramo",99.9999999068529,0.8627032842353,0.645315565044316,7.3017461283196,"hotspot"
"504","Northern Annamites rain forests",99.9999999692786,0.999943611461911,0.303483526279416,5.82327391643165,"hotspot"
"505","Northern California coastal forests",99.4936370321856,0.845340163682665,0.738998582748844,6.35349720586998,"hotspot"
"506","Northern Canadian Shield taiga",0,0.996731265278506,0.950968316623613,0.0486943025804072,"not hotspot"
"507","Northern Congolian Forest-Savanna",0.665308683051949,0.846474970856528,0.64870718394774,4.76967606789468,"not hotspot"
"508","North Deccan dry deciduous forests",0,0.910313717323623,0.136066575517297,15.6581913240838,"not hotspot"
"509","Northern Indochina subtropical forests",99.9974834184835,0.997080127292397,0.248635603723556,8.62791178739599,"hotspot"
"510","Northern Khorat Plateau moist deciduous forests",100.000000122113,0.907656655656998,0.10538834502654,15.0146899836343,"hotspot"
"511","Northern Mesoamerican Pacific mangroves",14.0430631942941,0.885978332889572,0.25879568336675,7.91406766701806,"not hotspot"
"512","Northern New Guinea lowland rain and freshwater swamp forests",0,0.997805394356374,0.490041542320986,4.86222922209634,"not hotspot"
"513","Northern New Guinea montane rain forests",0,0.97840132092388,0.659284506318975,4.04124659236294,"not hotspot"
"514","Northern Shortgrass prairie",0,0.556883734388668,0.843808383815653,4.15761047521816,"not hotspot"
"515","Northern Swahili coastal forests",0.331111370999197,0.882602888376307,0.535956705110025,9.6143679670024,"not hotspot"
"516","Northern Tallgrass prairie",0,0.668530220081961,0.591733324258767,6.64819173368894,"not hotspot"
"517","Northern Thailand-Laos moist deciduous forests",99.9999999987378,1.01570768160826,0.233202813543075,7.39801773778744,"hotspot"
"518","Northern Triangle subtropical forests",0.0205879212934162,0.972470029048938,0.381393990858909,3.5763874425434,"not hotspot"
"519","Northern Triangle temperate forests",99.345903107479,0.929402459031246,0.3625382727459,3.09807011726875,"hotspot"
"520","Northern Vietnam lowland rain forests",99.4852555092964,0.881459941690202,0.151949113194658,15.849427502651,"hotspot"
"521","Northland temperate kauri forests",94.6621911830106,0.766270743297409,0.459630958518998,12.1584608788141,"hotspot"
"522","Northwest Iberian montane forests",99.9578599546744,0.858019558958366,0.294386640197948,9.78008760145466,"hotspot"
"523","Northwest Russian-Novaya Zemlya tundra",0,0.977381886526721,0.826886132596947,1.27114376666542,"not hotspot"
"524","Northwest Andean montane forests",99.9566949527139,0.881620480031928,0.532437361293694,8.27236431498345,"hotspot"
"525","Northwest Congolian lowland forests",0,0.905075433688144,0.777955931058253,3.32680712775268,"not hotspot"
"526","Northwest Hawai'i scrub",80.9563789864462,0.825306236743927,NA,0,"hotspot"
"527","Northwestern Himalayan alpine shrub and meadows",99.9611976560489,0.896212866513027,0.897180959634731,6.54791492122637,"hotspot"
"528","Aravalli west thorn scrub forests",0.00726082223650343,0.871241018493003,0.388676733358039,17.5001176421513,"not hotspot"
"529","Novosibirsk Islands Arctic desert",0,1.00265317932767,0.837238528551093,0,"not hotspot"
"530","Nujiang Langcang Gorge alpine conifer and mixed forests",0.0372207737319681,0.819962817101133,0.48995092310635,7.3336369843666,"not hotspot"
"531","Nullarbor Plains xeric shrublands",0.00607411694580366,0.615325035563164,0.967143209682097,1.94760586477458,"not hotspot"
"532","Nyanga-Chimanimani Montane forest-grassland",79.1516814782764,0.939439850528898,0.563187434550517,8.72174355541102,"hotspot"
"533","Oaxacan montane forests",0.761032745170579,0.931751239763225,0.249853616651866,8.70365082377943,"not hotspot"
"534","Ogasawara subtropical moist forests",90.4264344743163,1.01191908783386,1,NA,"hotspot"
"535","Ogilvie-MacKenzie alpine tundra",0,1.00191763382775,0.927699632603606,0.0570110649898041,"not hotspot"
"536","Okanogan dry forests",0,0.930822426304267,0.568791086951993,3.32395201118109,"not hotspot"
"537","Okhotsk-Manchurian taiga",0,0.921889226498068,0.701293451318984,0.662525417840431,"not hotspot"
"538","Ordos Plateau steppe",0,0.802382641315643,0.81188779619715,9.80946616407884,"not hotspot"
"539","Orinoco Delta swamp forests",0,0.951055857859313,0.479063568482694,2.06954698211849,"not hotspot"
"540","Orinoco wetlands",0,0.952200078038507,0.504819537424611,4.3799236632924,"not hotspot"
"541","Orissa semi-evergreen forests",0,0.825986955680976,0.0810656999376531,18.3349497561102,"not hotspot"
"542","Ozark Highlands mixed forests",0,0.784217201754456,0.32701722386725,8.01398488248677,"not hotspot"
"543","Ozark Mountain forests",0,0.771594770947715,0.44371807586361,7.4506132085285,"not hotspot"
"544","Pacific Coastal Mountain icefields and tundra",0,0.991583685720198,0.864618229092057,0.656031999714773,"not hotspot"
"545","Palau tropical moist forests",98.7608213982967,NA,NA,9.04918525925833,"hotspot"
"546","Palawan rain forests",97.8383167709846,0.97954772397116,0.338312300669799,11.2526588057917,"hotspot"
"547","Palouse prairie",0,0.67427051190564,0.806756102186135,6.83024616695953,"not hotspot"
"548","Pamir alpine desert and tundra",99.8455497173363,0.832061668088562,0.726071669270543,3.21909375208131,"hotspot"
"549","Panamanian dry forests",99.7706652297228,0.900404172748784,0.151322263825801,13.2735612334491,"hotspot"
"550","Pannonian mixed forests",0,0.861127042347621,0.214251845034068,16.1952953277134,"not hotspot"
"551","Pantanal",0.0867942472090341,0.693430675797365,0.591739840855206,3.90657866922336,"not hotspot"
"552","Pantanos de Centla",100.000000135023,0.907683166289299,0.0725671758465794,10.8896505790665,"hotspot"
"553","Pantepui forests & shrublands",0,0.917955591680348,0.663888449990397,0.378253345810518,"not hotspot"
"554","Paraguaná xeric scrub",0.106944369725392,0.919240672287141,0.2760555389791,9.83900638954484,"not hotspot"
"555","Paraná flooded savanna",0,0.765404861820907,0.413244158503913,6.71282490732171,"not hotspot"
"556","Paropamisus xeric woodlands",2.1251121670629e-05,0.842066748015332,0.620820676912147,10.4585085689616,"not hotspot"
"557","Patagonian steppe",0.0243669315673546,0.615237698513534,0.915046808181843,4.29894304225849,"not hotspot"
"558","Patía valley dry forests",99.9997940178051,0.884001897048931,0.27527848239108,10.261401984916,"hotspot"
"559","Peninsular Malaysian montane rain forests",99.9999997962423,0.988811734966032,0.556619773250706,4.99497456184961,"hotspot"
"560","Peninsular Malaysian peat swamp forests",99.986280249065,0.976705107552496,0.232976646957882,7.91487048117452,"hotspot"
"561","Peninsular Malaysian rain forests",0.00183961448554004,0.948128243614159,0.355504978064878,13.4122254350561,"not hotspot"
"562","Pernambuco coastal forests",99.9634161285287,0.857698385990021,0.217098093695006,15.0087359947182,"hotspot"
"563","Pernambuco interior forests",99.8359736257087,0.876253173922746,0.214054263015189,14.2934610485421,"hotspot"
"564","Peruvian Yungas",99.8999111644235,0.896979824434624,0.524379305865896,5.84095634813095,"hotspot"
"565","Petén-Veracruz moist forests",0.0136485855120877,0.936069507009007,0.223153492247799,6.95974239317306,"not hotspot"
"566","Pilbara shrublands",0,0.637711077150707,0.960341075730713,3.79365740167335,"not hotspot"
"567","Pindus Mountains mixed forests",99.9929612634677,0.861816054026546,0.390354428080412,9.89577286882639,"hotspot"
"568","Piney Woods",0,0.826654367626383,0.374046937479294,8.67479149011584,"not hotspot"
"569","Po Basin mixed forests",0.322047979221102,0.826546985548365,0.0873509396165091,28.7712296660811,"not hotspot"
"570","Pontic steppe",19.227188311155,0.762363703554304,0.659845408570136,12.5798384565971,"not hotspot"
"571","Prince Charles Mountains tundra",0,NA,NA,NA,"not hotspot"
"572","Puerto Rican dry forests",98.4526480715866,0.930060709873175,0.101207725556175,27.372330944766,"hotspot"
"573","Puerto Rican moist forests",99.8728295909561,0.961865837734127,0.191978925383472,26.9795439678745,"hotspot"
"574","Puget lowland forests",0,0.886914086141944,0.444005739080415,14.2826169585349,"not hotspot"
"575","Purus-Madeira moist forests",0,0.948162260495224,0.820930021756005,0.76871652851613,"not hotspot"
"576","Purus várzea",0,0.957308546006964,0.736861109256675,1.0886103593818,"not hotspot"
"577","Pyrenees conifer and mixed forests",0.418931820214164,0.866465764218471,0.435032295051,8.55746227893327,"not hotspot"
"578","Qaidam Basin semi-desert",0,0.771818954496568,0.571102677202585,1.37824306002308,"not hotspot"
"579","Qilian Mountains conifer forests",0.000502459562081814,0.796328990159468,0.525276597476057,10.6739457417706,"not hotspot"
"580","Qilian Mountains subalpine meadows",0,0.685181158504922,0.495658185239463,3.72909572719472,"not hotspot"
"581","Qin Ling Mountains deciduous forests",0.00748339609223125,0.937908953341122,0.288473511914387,12.0225215535805,"not hotspot"
"582","Qionglai-Minshan conifer forests",99.7929899068919,0.896505470544893,0.503876093114843,8.63748779570646,"hotspot"
"583","Queensland tropical rain forests",0,0.892407740557817,0.434554308344745,4.9935525622627,"not hotspot"
"584","Rakiura Island temperate forests",82.0258008011184,0.799842004407656,0.931687264442448,3.31336332304964,"hotspot"
"585","Rann of Kutch seasonal salt marsh",0,1.010906367106,0.928608557307427,3.90788840914558,"not hotspot"
"586","Rapa Nui and Sala y Gómez subtropical forests",97.5461388621594,NA,NA,NA,"hotspot"
"587","Red River freshwater swamp forests",99.9383852971728,0.753408440572386,0.0711678035397093,23.1191923590841,"hotspot"
"588","Red Sea-Arabian Desert shrublands",6.57820488288727,0.871981574985019,0.314646840399035,5.80578504608845,"not hotspot"
"589","Red Sea coastal desert",1.08645535106391e-05,0.882323898126834,0.0941640525500515,3.5095956598392,"not hotspot"
"590","Red Sea mangroves",96.9164897352595,0.847966150257491,0.884428663644605,8.54579708087875,"hotspot"
"591","Registan-North Pakistan sandy desert",0,0.880718415173741,0.617444222987833,4.49372614141288,"not hotspot"
"592","Renosterveld shrubland",72.592279823309,0.650469375874228,0.493286033405312,9.88422463278024,"hotspot"
"593","Richmond temperate forests",94.2748418230217,0.706945115063255,0.530725163342248,6.88824374902302,"hotspot"
"594","Rio Negro campinarana",0,0.942878716477187,0.587521564212428,0.167508191402837,"not hotspot"
"595","Rodope montane mixed forests",0.0566538307441144,0.927051362066808,0.336638937621218,9.16897619045303,"not hotspot"
"596","Rwenzori-Virunga montane moorlands",100.000002920066,0.977499385581654,0.676299999170142,7.44104402392875,"hotspot"
"597","Saharan halophytics",2.39255373067366e-05,0.859735546376688,0.53398493885739,2.42450963189089,"not hotspot"
"598","Sahelian Acacia savanna",0.575544337279163,0.792025851069166,0.708724037150924,5.01522479620336,"not hotspot"
"599","Sakhalin Island taiga",0,0.945679551963444,0.527029737470299,4.42493217209951,"not hotspot"
"600","Samoan tropical moist forests",99.2520523239117,NA,NA,NA,"hotspot"
"601","San Félix-San Ambrosio Islands temperate forests",56.5705475834378,NA,NA,NA,"hotspot"
"602","San Lucan xeric scrub",0,0.882856361946193,0.373528004278056,9.28725193281953,"not hotspot"
"603","Santa Lucia Montane Chaparral & Woodlands",99.5164695542546,0.808796670924315,0.737754942758438,4.23099202796218,"hotspot"
"604","Santa Marta montane forests",99.3345024459711,0.912136594394777,0.621175520640695,7.63257890912962,"hotspot"
"605","Santa Marta páramo",100.00000002155,0.847638070263102,0.912488767197496,6.95430545477768,"hotspot"
"606","São Tomé, Príncipe, and Annobón forests",95.6279589456684,0.977563466706877,NA,10.9020625818462,"hotspot"
"607","Sarmatic mixed forests",0,0.884768899298283,0.253277482865832,9.98066663172591,"not hotspot"
"608","Sayan alpine meadows and tundra",0,0.77128391696256,0.702801005813506,1.46948530907281,"not hotspot"
"609","Sayan Intermontane steppe",0,0.777285319640787,0.678344398804353,3.77408256682487,"not hotspot"
"610","Sayan montane conifer forests",0,0.86023105709969,0.55028143541812,2.25844169860488,"not hotspot"
"611","Scandinavian and Russian taiga",0,0.9248633873412,0.639315346985713,4.21889688474805,"not hotspot"
"612","Scandinavian coastal conifer forests",0,0.954938684099034,0.415132717851486,10.1544459496402,"not hotspot"
"613","Scandinavian Montane Birch forest and grasslands",0,0.951775150987814,0.581179139638856,3.24785913081956,"not hotspot"
"614","Scotia Sea Islands tundra",0,NA,NA,NA,"not hotspot"
"615","Sechura desert",0.0935045146972084,0.917278950238214,0.874107012216747,6.08994361276481,"not hotspot"
"616","Selenge-Orkhon forest steppe",0,0.600918826418314,0.838116409526067,5.40064863598506,"not hotspot"
"617","Seram rain forests",98.3700782712893,1.00976378966763,0.694132789224468,10.3125510764067,"hotspot"
"618","Serengeti volcanic grasslands",18.6689865315596,0.839698412520638,0.952213794704318,7.67224551010132,"not hotspot"
"619","Serra do Mar coastal forests",99.909811152541,0.903188643105639,0.390973655078188,13.4424757131415,"hotspot"
"620","Sichuan Basin evergreen broadleaf forests",0.0259066553008875,0.790920426850181,0.0668584821283373,16.5136384982656,"not hotspot"
"621","Sierra de la Laguna dry forests",0.157294758264659,0.886760175442495,0.230206495794096,7.39273469972955,"not hotspot"
"622","Sierra de la Laguna pine-oak forests",99.4134306299028,0.857853233880202,0.225083488968862,6.2117028396521,"hotspot"
"623","Sierra de los Tuxtlas",99.9959626880618,0.923220629631309,0.0974229560498654,10.3815237539547,"hotspot"
"624","Sierra Madre de Chiapas moist forests",100.000000172613,0.936849278688137,0.183167775210596,10.8653939192375,"hotspot"
"625","Sierra Madre de Oaxaca pine-oak forests",99.2513004327417,0.926034402021634,0.24124019385329,6.19062583140316,"hotspot"
"626","Sierra Madre del Sur pine-oak forests",99.4807709000227,0.905906188871305,0.263116288876789,6.00279028527591,"hotspot"
"627","Sierra Madre Occidental pine-oak forests",99.4258548019677,0.86078476629764,0.375263363748834,4.56001944585755,"hotspot"
"628","Sierra Madre Oriental pine-oak forests",95.5744063786594,0.836262120125727,0.417606887108477,5.44565263329518,"hotspot"
"629","Sierra Nevada forests",92.1796795655994,0.845042925980887,0.700239917554231,3.34982584574371,"hotspot"
"630","Simpson desert",0,0.651796493046977,0.901026374123895,1.764188441625,"not hotspot"
"631","Sinaloan dry forests",0.663190171316412,0.895734390057175,0.216117491892495,7.12028535830306,"not hotspot"
"632","Sinú Valley dry forests",0.147675815260627,0.875221359494074,0.218413760940409,11.6037415218783,"not hotspot"
"633","Snake-Columbia shrub steppe",0.00341803872376423,0.724005202786765,0.918152676984585,4.99650246534955,"not hotspot"
"634","Society Islands tropical moist forests",98.1959142905902,NA,NA,11.3218190773266,"hotspot"
"635","Socotra Island xeric shrublands",99.5048015311397,0.832836197844082,0,6.98983714083692,"hotspot"
"636","Solimões-Japurá moist forests",0,0.959839377939665,0.772969521789489,0.569426160698826,"not hotspot"
"637","Solomon Islands rain forests",95.0305070210887,1.03648097460488,0.349312630406271,8.17835997661191,"hotspot"
"638","Somali Acacia-Commiphora bushlands and thickets",0.747200817521937,0.828414258270753,0.775516521621306,6.35099943318868,"not hotspot"
"639","Sonoran-Sinaloan subtropical dry forest",0.246796952037791,0.783881618944894,0.259719434680632,8.45153532478589,"not hotspot"
"640","Sonoran desert",0.316343723561003,0.726779329027655,0.82164250256045,6.62144589935854,"not hotspot"
"641","South American Pacific mangroves",0.163081967806035,0.90104014039045,0.346138835775593,8.1048482547605,"not hotspot"
"642","South Antarctic Peninsula tundra",0,NA,NA,NA,"not hotspot"
"643","South Apennine mixed montane forests",100.000000086565,0.895272508581097,0.410649519271486,14.1520439591976,"hotspot"
"644","South Central Rockies forests",0,0.851244794716338,0.708690019689446,1.95255358165489,"not hotspot"
"645","South China-Vietnam subtropical evergreen forests",99.2099915622974,0.901876766393493,0.111298478543556,14.9782217725392,"hotspot"
"646","South China Sea Islands",4.92092933811815,NA,NA,NA,"not hotspot"
"647","South Deccan Plateau dry deciduous forests",0.0348091411923588,0.864859811751098,0.0801362056153109,19.6457877056976,"not hotspot"
"648","South Iran Nubo-Sindian desert and semi-desert",0.0117451184460941,0.910698842697068,0.677687078116989,7.02458342469649,"not hotspot"
"649","New Zealand South Island montane grasslands",99.9999999550907,0.59139261356352,0.956556297644912,4.24097485106356,"hotspot"
"650","New Zealand South Island temperate forests",96.8335893235582,0.638825226321258,0.297289311902687,10.9618256515531,"hotspot"
"651","South Orkney Islands tundra",0,NA,NA,NA,"not hotspot"
"652","South Sahara desert",0.00262657003895576,0.844686870237211,0.17600786566359,0.664394597378076,"not hotspot"
"653","South Siberian forest steppe",0,0.853085289089073,0.434903108546508,6.85301581391291,"not hotspot"
"654","South Taiwan monsoon rain forests",0,NA,0.140433470353301,19.5329157182316,"not hotspot"
"655","South Victoria Land tundra",0,NA,NA,NA,"not hotspot"
"656","South Western Ghats moist deciduous forests",99.8678011081365,0.946066476411178,0.112779173581254,14.9461391927353,"hotspot"
"657","South Western Ghats montane rain forests",100.000000132841,0.982940588058985,0.146133142932723,10.8760048476925,"hotspot"
"658","Southeast Australia temperate forests",0,0.749009503111676,0.332483408500332,10.3670002649943,"not hotspot"
"659","Southeast Australia temperate savanna",0,0.663768255016142,0.771840188046178,7.57188325384178,"not hotspot"
"660","Southeast Tibet shrublands and meadows",0.0569357722558163,0.75181172232868,0.884260594329857,8.74003062711715,"not hotspot"
"661","Southeast US mixed woodlands and savannas",0,0.921465131483613,0.121388784393097,33.9526570227838,"not hotspot"
"662","Southeast US conifer savannas",0,0.815153648955358,0.242412471564866,11.2832325259922,"not hotspot"
"663","Southeast Iberian shrubs and woodlands",94.577622372471,0.825327726881897,0.222287479410533,20.2519441268996,"hotspot"
"664","Southeast Indochina dry evergreen forests",99.9999999801111,0.978834111207543,0.285337144386462,8.78476000255482,"hotspot"
"665","Southeast Papuan rain forests",0,1.00305315946348,0.332032803101642,5.51068004733324,"not hotspot"
"666","Southern Acacia-Commiphora bushlands and thickets",0.831793019045977,0.903222543898846,0.771037959841084,7.6681113834552,"not hotspot"
"667","Southern Africa mangroves",99.6379492597394,0.864920217626281,0.288304708223747,19.8418269786367,"hotspot"
"668","Southern Anatolian montane conifer and deciduous forests",0.0591834486676092,0.884558505921167,0.519014055790071,10.6686862909896,"not hotspot"
"669","Southern Andean steppe",0.0788271631187558,0.903889791094097,0.832330907475821,2.6354320707721,"not hotspot"
"670","Southern Andean Yungas",99.8481531981057,0.853529273228709,0.655990480254047,6.2334355987294,"hotspot"
"671","Southern Annamites montane rain forests",99.9865895885643,1.00503956476186,0.323419273554617,5.93688582566315,"hotspot"
"672","Southern Atlantic Brazilian mangroves",99.5036553813742,0.893614988722655,0.302158301532221,15.5956252231685,"hotspot"
"673","Southern Cone Mesopotamian savanna",1.51651833370563,0.682192539973349,0.695592763185059,7.90392211968838,"not hotspot"
"674","Southern Congolian forest-savanna",0.696939447456809,0.955904440638191,0.449716883598063,6.23623523816338,"not hotspot"
"675","Southern Great Lakes forests",0,0.789402783392352,0.102967287151465,20.0515610701801,"not hotspot"
"676","Southern Hudson Bay taiga",0,0.987336648206879,0.934154125969814,0.157714960256745,"not hotspot"
"677","Southern Indian Ocean Islands tundra",0,NA,NA,NA,"not hotspot"
"678","Southern Korea evergreen forests",0,0.925692566838296,0.270539798241568,21.1168847964307,"not hotspot"
"679","Southern Mesoamerican Pacific mangroves",96.5224869038417,0.931116128725737,0.202387778637395,10.4098629027804,"hotspot"
"680","Southern New Guinea freshwater swamp forests",0,0.969336394358738,0.364604247247795,3.20257155116057,"not hotspot"
"681","Southern New Guinea lowland rain forests",0,0.967382110255854,0.505763183781267,3.51754245365137,"not hotspot"
"682","Southern Pacific dry forests",0.281144898522302,0.89783100034746,0.175460015617761,8.83092436231917,"not hotspot"
"683","Southern Rift Montane forest-grassland",81.6179531560283,0.93399204690337,0.607669766714453,7.31229605267811,"hotspot"
"684","Southern Swahili coastal forests and woodlands",34.5954962205318,0.919103486189438,0.252364419241119,8.2393030606818,"not hotspot"
"685","Southern Vietnam lowland dry forests",99.5548078253262,0.951661367068518,0.302575784210679,12.5068413398506,"hotspot"
"686","Southwest Amazon moist forests",0.00969329955705162,0.948875183303398,0.812930002203367,1.77296142550693,"not hotspot"
"687","Southwest Arabian Escarpment shrublands and woodlands",7.63805805490304,0.872827097777537,0.587394521221685,9.35618410181595,"not hotspot"
"688","Southwest Arabian highland xeric scrub",0.00105744242899479,0.860587762822135,0.596570707680794,9.21128084422749,"not hotspot"
"689","Southwest Australia savanna",94.737812266475,0.697971639708229,0.611509760169021,7.57086600228257,"hotspot"
"690","Southwest Australia woodlands",99.9221142944378,0.73022789172895,0.553738689648257,8.72100503745459,"hotspot"
"691","Southwest Borneo freshwater swamp forests",99.9640737563619,0.954582650218295,0.262368017021502,6.86776675143807,"hotspot"
"692","Southwest Iberian Mediterranean sclerophyllous and mixed forests",98.9276416222398,0.859880124497624,0.31315668931542,15.6753313698381,"hotspot"
"693","Sri Lanka dry-zone dry evergreen forests",99.8187495580993,0.98308072602043,0.108579544737277,11.3776572595329,"hotspot"
"694","Sri Lanka lowland rain forests",99.9625537193842,0.918051835538554,0.106966054464083,17.3013051505147,"hotspot"
"695","Sri Lanka montane rain forests",100.000000514862,0.952777313794071,0.0780619328176673,13.7565638888489,"hotspot"
"696","St. Peter and St. Paul Rocks",0,NA,NA,NA,"not hotspot"
"697","Succulent Karoo xeric shrublands",10.6560286234313,0.555258209157046,0.59371861651797,6.81594711894658,"not hotspot"
"698","Sudd flooded grasslands",0,0.776590232651201,0.2818284020721,7.2685100473307,"not hotspot"
"699","Suiphun-Khanka meadows and forest meadows",0,0.865382560389406,0.213494684142911,7.92110972758587,"not hotspot"
"700","Sulaiman Range alpine meadows",0,0.914530964156349,0.7966691067538,7.60629199468318,"not hotspot"
"701","Sulawesi montane rain forests",100.000000014391,1.00502046007913,0.53529486649493,7.1559334633593,"hotspot"
"702","Sulu Archipelago rain forests",93.3899853501525,0.941765630755615,0.348442459713087,14.7284885216033,"hotspot"
"703","Sumatran freshwater swamp forests",99.6000448768159,0.910875477565026,0.133254986227928,12.4845567112926,"hotspot"
"704","Sumatran lowland rain forests",99.6330619032334,0.930906796546487,0.288401441276529,12.3291504415556,"hotspot"
"705","Sumatran montane rain forests",99.9999999252517,0.970395510585014,0.453356326863614,8.16415823953565,"hotspot"
"706","Sumatran peat swamp forests",99.8398243504899,0.948798225500517,0.212743661327909,8.07451677482778,"hotspot"
"707","Sumatran tropical pine forests",100.000000760779,0.978362717491742,0.569131361317161,6.78277203377074,"hotspot"
"708","Sumba deciduous forests",98.8998680416233,0.873580406064193,0.180424435987834,12.1242275005592,"hotspot"
"709","Sunda Shelf mangroves",95.6425700033921,0.953789799676734,0.315426013827865,9.39972275997874,"hotspot"
"710","Sundaland heath forests",99.6737171971158,0.954548295920331,0.393528080111174,7.56110432941424,"hotspot"
"711","Sundarbans freshwater swamp forests",0,0.768955513325728,0.043627760667367,19.758189846296,"not hotspot"
"712","Sundarbans mangroves",0,0.888358551309174,0.154006204953971,14.5466065859051,"not hotspot"
"713","Syrian xeric grasslands and shrublands",0.000306829968797279,0.873889924084058,0.677965043984604,10.8508631407561,"not hotspot"
"714","Taiheiyo evergreen forests",97.3973726683441,0.970585288882081,0.338173836533998,23.6021762953428,"hotspot"
"715","Taiheiyo montane deciduous forests",99.9150459214743,1.00901316154069,0.598053473914784,15.5906212080315,"hotspot"
"716","Taimyr-Central Siberian tundra",0,1.0018858701169,0.914270102901706,0.217394128391388,"not hotspot"
"717","Taiwan subtropical evergreen forests",0,NA,0.140068005870776,18.4827394327465,"not hotspot"
"718","Taklimakan desert",0.00644525102836961,0.911931763159501,0.470030619976794,3.18469000068571,"not hotspot"
"719","Talamancan montane forests",99.9999998230196,0.952069364006842,0.402522442673471,6.35925010429483,"hotspot"
"720","Tamaulipan matorral",0.357772962601488,0.802748022937965,0.5779534077857,8.65007160662809,"not hotspot"
"721","Tamaulipan mezquital",0.0150355996107841,0.626459148830671,0.685746052080093,7.03757853086689,"not hotspot"
"722","Tapajós-Xingu moist forests",0,0.959653975627352,0.813672066766514,0.942716802838151,"not hotspot"
"723","Tarim Basin deciduous forests and steppe",0,0.938634960892911,0.207865038186989,3.21295985919009,"not hotspot"
"724","Tasmanian Central Highland forests",0,0.710495616466636,0.562590690891529,4.92475663437593,"not hotspot"
"725","Tasmanian temperate forests",0,0.826994633778324,0.418271530709056,5.91668962886952,"not hotspot"
"726","Tasmanian temperate rain forests",0,0.798058882386006,0.571332636337498,3.45430831385208,"not hotspot"
"727","Tehuacán Valley matorral",0.223280676456875,0.910804399288179,0.469452372508247,12.6111505618425,"not hotspot"
"728","Tenasserim-South Thailand semi-evergreen rain forests",99.6539613296816,0.96507822899187,0.181516755283246,10.5700088928821,"hotspot"
"729","Terai-Duar savanna and grasslands",99.5564949716772,0.835220048790524,0.204627931626078,18.8188769817971,"hotspot"
"730","Texas blackland prairies",0,0.691239989308567,0.680392986882693,15.1837594677666,"not hotspot"
"731","Thar desert",0,0.978326446473928,0.51764962990288,8.87059410432918,"not hotspot"
"732","Tian Shan foothill arid steppe",99.9716352609337,0.76328487479285,0.850319604753367,8.33873247628385,"hotspot"
"733","Tian Shan montane conifer forests",99.999999817767,0.78105459194114,0.39063574570444,7.37683969867134,"hotspot"
"734","Tian Shan montane steppe and meadows",99.8555372485606,0.811616771770733,0.80069822628275,6.03394618091293,"hotspot"
"735","Tibesti-Jebel Uweinat montane xeric woodlands",0,0.823302342367859,4.36604560245848e-18,0.729796630936747,"not hotspot"
"736","Tibetan Plateau alpine shrublands and meadows",0.00591780449381941,0.639711961794203,0.764290411484627,5.05251285573749,"not hotspot"
"737","Tigris-Euphrates alluvial salt marsh",0,0.933825347108605,0.532621757085204,12.5707055203954,"not hotspot"
"738","Timor and Wetar deciduous forests",99.3318258806014,0.927711882618888,0.327847964967851,13.1074249745671,"hotspot"
"739","Tirari-Sturt stony desert",0,0.649184554241568,0.838488231124406,3.60881297937632,"not hotspot"
"740","Tongan tropical moist forests",96.4860759415384,NA,NA,7.38085245906858,"hotspot"
"741","Tonle Sap-Mekong peat swamp forests",99.9697202161863,0.854105008760229,0.0589060324713704,15.6291086700334,"hotspot"
"742","Tonle Sap freshwater swamp forests",99.9984944779427,0.865457310273016,0.0893937862542968,15.3003019128272,"hotspot"
"743","Torngat Mountain tundra",0,1.00175955946812,0.790284524526496,0.0122872825678336,"not hotspot"
"744","Trans-Baikal Bald Mountain tundra",0,0.966690289442769,0.749304691894882,0.35660121476423,"not hotspot"
"745","Trans-Baikal conifer forests",0,0.87648683613967,0.630522979184534,2.37042886334195,"not hotspot"
"746","Trans-Mexican Volcanic Belt pine-oak forests",99.4023781393888,0.910065800804573,0.306365937886421,10.297210072206,"hotspot"
"747","Trans Fly savanna and grasslands",0,0.874896516842174,0.504400665663903,5.04061154759938,"not hotspot"
"748","Transantarctic Mountains tundra",0,NA,NA,NA,"not hotspot"
"749","Trinidad and Tobago moist forest",0,1.01006630865825,0.273344250853383,19.2953643677665,"not hotspot"
"750","Tristan Da Cunha-Gough Islands shrub and grasslands",0,0.838649779544458,NA,NA,"not hotspot"
"751","Trobriand Islands rain forests",0,1.03830854763178,0.446662518556014,7.52739376059136,"not hotspot"
"752","Tuamotu tropical moist forests",80.8361065732484,NA,NA,3.35792119220845,"hotspot"
"753","Tubuai tropical moist forests",93.4929974936297,NA,NA,10.9840945137872,"hotspot"
"754","Tumbes-Piura dry forests",0.0725334822588544,0.896965731465561,0.431166861117467,7.52373040446995,"not hotspot"
"755","Tyrrhenian-Adriatic sclerophyllous and mixed forests",95.1923238640388,0.863852141314661,0.376661299180215,19.7286851271127,"hotspot"
"756","Uatumã-Trombetas moist forests",0,0.953477412798887,0.834628619276933,0.987733451328385,"not hotspot"
"757","Ucayali moist forests",0.0395868823551433,0.956593426000762,0.614294494722933,2.72886496156312,"not hotspot"
"758","Upper Gangetic Plains moist deciduous forests",0.0042557009284563,0.781551012336398,0.0300980368913208,19.771899876601,"not hotspot"
"759","Upper Midwest US forest-savanna transition",0,0.780864140939392,0.161325604637144,11.5858393412789,"not hotspot"
"760","Urals montane forest and taiga",0,0.939517934079447,0.771135761188779,3.75073760078517,"not hotspot"
"761","Uruguayan savanna",0.0680066658852218,0.656106569558264,0.284067076204393,8.95536185949807,"not hotspot"
"762","Ussuri broadleaf and mixed forests",0,0.898472585186282,0.676810474781798,2.24444678028988,"not hotspot"
"763","Valdivian temperate forests",99.6031107380997,0.884947366989082,0.635334026828951,4.67850397692715,"hotspot"
"764","Vanuatu rain forests",89.5776711213519,1.02727750706661,NA,8.55812550244711,"hotspot"
"765","Venezuelan Andes montane forests",99.7846472140505,0.937761513103931,0.217752900787687,10.024210937387,"hotspot"
"766","Veracruz dry forests",99.9932060598976,0.917680471345363,0.167286629726742,11.4637380710407,"hotspot"
"767","Veracruz moist forests",0.0902474584663964,0.867231840490326,0.104078991294222,9.05389745054321,"not hotspot"
"768","Veracruz montane forests",0.632427703723939,0.933741870339582,0.229148951542836,9.09432486632325,"not hotspot"
"769","Victoria Plains tropical savanna",0,0.683362882324683,0.921802713298457,1.29600310918648,"not hotspot"
"770","Vogelkop-Aru lowland rain forests",0,0.974161454865632,0.68162223192706,4.62519994391114,"not hotspot"
"771","Vogelkop montane rain forests",0,0.976706395585281,0.685054736762995,3.73245746942689,"not hotspot"
"772","Wasatch and Uinta montane forests",0,0.811502200937925,0.57140108446344,4.38540357581123,"not hotspot"
"773","Watson Highlands taiga",0,0.996409690334425,0.799315946663406,0.421109988684341,"not hotspot"
"774","West Sahara desert",0,0.843342144855317,0.00631967619878621,1.6718149037634,"not hotspot"
"775","West Saharan montane xeric woodlands",0,0.82854156316037,0.122459557351053,1.25643274423564,"not hotspot"
"776","West Siberian taiga",0,0.934654014519141,0.656553902338283,2.02016604033656,"not hotspot"
"777","West Sudanian savanna",0.000775944996626638,0.889124396822797,0.392275680627387,10.1852895725378,"not hotspot"
"778","Western Australian Mulga shrublands",0.582776340573112,0.627470645257207,0.946968719537424,3.45184804883804,"not hotspot"
"779","Western Congolian swamp forests",0,0.912583171141599,0.70666663483782,3.26296094143654,"not hotspot"
"780","Western Ecuador moist forests",0.0144806738700929,0.868856292175307,0.149835050582074,10.815339414105,"not hotspot"
"781","Western European broadleaf forests",0.0227850951357867,0.882079075959998,0.36141235962071,16.856719696373,"not hotspot"
"782","Western Great Lakes forests",0,0.833721793041032,0.408369560626995,4.35434996419788,"not hotspot"
"783","Western Guinean lowland forests",99.8268792475561,0.951770685143428,0.403058331845215,6.51646817858788,"hotspot"
"784","Western Gulf coastal grasslands",0,0.675989809063683,0.492702298177465,11.6503433028039,"not hotspot"
"785","Western Himalayan alpine shrub and meadows",0.0442407629712926,0.747580224883197,0.88226848093257,3.90797153410047,"not hotspot"
"786","Western Himalayan broadleaf forests",99.9717406495766,0.916492856290009,0.507598511255715,12.5692871516024,"hotspot"
"787","Western Himalayan subalpine conifer forests",99.8152752391533,0.896103768290334,0.547276174259253,13.1781675194893,"hotspot"
"788","Western Java montane rain forests",99.9999999613286,0.877383033423976,0.197812030302331,14.6872728630253,"hotspot"
"789","Western Java rain forests",99.2083984420534,0.831795045833201,0.127029789525885,20.0467893221205,"hotspot"
"790","Western Polynesian tropical moist forests",92.2359297812077,NA,NA,NA,"hotspot"
"791","Western shortgrass prairie",0,0.553204727494284,0.882679046723162,5.65296651805486,"not hotspot"
"792","Western Siberian hemiboreal forests",0,0.833826715273444,0.256169101869887,8.79644290666484,"not hotspot"
"793","Westland temperate forests",99.5717071475639,0.726504398983613,0.773677738864363,3.45761538260435,"hotspot"
"794","Willamette Valley oak savanna",0.00179143809026726,0.828597137538298,0.250123229445062,16.9308518741285,"not hotspot"
"795","Windward Islands moist forests",99.9167072440696,0.970535137263951,NA,16.6863772686629,"hotspot"
"796","Wrangel Island Arctic desert",0,1.00233647532406,7.40148683083438e-18,0.438723195350054,"not hotspot"
"797","Wyoming Basin shrub steppe",0,0.719609694593272,0.928763727539685,4.61431145712414,"not hotspot"
"798","Xingu-Tocantins-Araguaia moist forests",0.00203655414672438,0.919814223880897,0.624871257297459,2.80701949721661,"not hotspot"
"799","Yamal-Gydan tundra",0,0.99348636330242,0.914517135345093,0.408513224110553,"not hotspot"
"800","Yap tropical dry forests",97.8896359337408,NA,NA,18.4641952203668,"hotspot"
"801","Yapen rain forests",0,1.02231322090427,0.752012358549285,6.68552692049536,"not hotspot"
"802","Yarlung Zanbo arid steppe",0.539747613199815,0.719881446662575,0.86591520796592,8.0449259120106,"not hotspot"
"803","Yellow Sea saline meadow",0,0.90311672178387,0.200692318328201,17.9675310476417,"not hotspot"
"804","Yucatán dry forests",99.9994138552729,0.950334539052107,0.144087211227775,7.56535187868735,"hotspot"
"805","Yucatán moist forests",99.970774619903,0.984842789839362,0.150180758436422,4.68804902343493,"hotspot"
"806","Yunnan Plateau subtropical evergreen forests",0.0589873779757696,0.903419605366209,0.306967682599072,12.8345770681202,"not hotspot"
"807","Zagros Mountains forest steppe",99.8838736794041,0.894906080442617,0.654110870781172,11.2842016922977,"hotspot"
"808","Zambezian-Limpopo mixed woodlands",0.0774453142622585,0.87217419167607,0.2882289494412,7.45878138057128,"not hotspot"
"809","Zambezian Baikiaea woodlands",0,0.755300274750987,0.385796891753825,3.7690529534298,"not hotspot"
"810","Zambezian coastal flooded savanna",96.7856666147951,0.899652382892709,0.339092663815413,7.96476671634984,"hotspot"
"811","Dry miombo woodlands",0.878018903665521,0.870362385868671,0.363809682337812,6.17606581116066,"not hotspot"
"812","Zambezian evergreen dry forests",0,0.867270708411,0.522105685685832,3.28753619490246,"not hotspot"
"813","Zambezian flooded grasslands",0.000742872498248044,0.828661966808327,0.422300443308107,4.52196867153389,"not hotspot"
"814","Zambezian mopane woodlands",0.058951105696977,0.802108711416424,0.346523319822176,5.52509180211061,"not hotspot"
"815","Brazilian Atlantic dry forests",99.9142664727046,0.850305472252372,0.296112581810655,8.87292885803348,"hotspot"
"816","Northern Cordillera forests",0,0.994863030461493,0.840335279552678,0.21872225749294,"not hotspot"
"817","St. Helena scrub and woodlands",0,0.969728609758834,NA,NA,"not hotspot"
"818","Victoria Basin forest-savanna",8.60971765048568,0.950034552863215,0.244366801625531,11.6067162390878,"not hotspot"
"819","Western Congolian forest-savanna",0,0.882279705551004,0.505185630517775,5.51255277458602,"not hotspot"
"820","East African montane moorlands",66.2910057531162,0.816235683963073,0.83212631335069,5.03518169505851,"hotspot"
"821","Queen Charlotte Islands conifer forests",0,0.95385840151393,0.685122311746413,0.948726583204041,"not hotspot"
"822","Northern Pacific Alaskan coastal forests",0,0.964553592981571,0.785624663884365,1.44156649023392,"not hotspot"
"823","Northwest Territories taiga",0,0.997169248332808,0.896533108500409,0.131029935094972,"not hotspot"
"824","Southwest Arabian coastal xeric shrublands",7.96161943293385,0.92579077906644,0.669594605372625,10.3920943202446,"not hotspot"
"825","Arabian-Persian Gulf coastal plain desert",0.0752012768636806,0.84142756675881,0.472119204559574,8.24337668467875,"not hotspot"
"826","South Arabian plains and plateau desert",22.883295327985,0.831288008436623,0.226674281667424,3.17648679475059,"not hotspot"
"827","Arabian desert",0.0205003235025494,0.850628843862103,0.434829116682137,5.18852576141387,"not hotspot"
"828","Bahamian pineyards",97.6806848203166,0.84968213400059,NA,7.09344768279088,"hotspot"
"829","Ile Europa and Bassas da India xeric scrub",92.8747241091789,NA,NA,NA,"hotspot"
"830","Kamchatka tundra",0,0.960887653006409,0.851702711490417,0.698510775757357,"not hotspot"
"831","Tocantins/Pindare moist forests",0.0001041524045234,0.937506832523133,0.465360081578211,5.1322259057995,"not hotspot"
"832","Kalaallit Nunaat Arctic steppe",0,0.988201218860865,NA,0.128294368287178,"not hotspot"
"833","North Cascades conifer forests",0,0.879720171234011,0.760012957922879,2.50993413993159,"not hotspot"
"834","Northern Rockies conifer forests",0,0.909660995230241,0.61089445288568,2.20081972797768,"not hotspot"
"835","Trindade-Martin Vaz Islands tropical forests",0,NA,NA,NA,"not hotspot"
"836","Southwest Arabian montane woodlands and grasslands",7.73768394913664,0.857736138132216,0.425028361127127,10.0919402079857,"not hotspot"
"837","South Arabian fog woodlands, shrublands, and dune",98.2789261798362,0.808587276531016,0.459263308160123,7.50620339344547,"hotspot"
"838","Trinidad and Tobago dry forest",0,0.974502635950816,0.175321033128497,30.0547016487122,"not hotspot"
"839","Lesser Antillean dry forests",98.6204184118738,0.959206645959732,NA,21.6980760215291,"hotspot"
"840","North Atlantic moist mixed forests",0,0.790095787379997,0.166651408805073,8.68444591452993,"not hotspot"
"841","Dronning Maud Land tundra",0,NA,NA,NA,"not hotspot"
"842","Marie Byrd Land tundra",0,NA,NA,NA,"not hotspot"
"843","Sulawesi lowland rain forests",0.00679094324833175,1.0032220345862,0.442242257085683,12.3128675083634,"not hotspot"
"844","East African montane forests",13.4393335278843,0.917056568952089,0.642868066989805,12.0935567774333,"not hotspot"
"845","Eastern Arc forests",2.7079383369702,0.950417796225758,0.495166746624564,7.4535235762915,"not hotspot"
"846","Borneo montane rain forests",99.9999999708592,0.962584385324908,0.720415429045671,2.25647649672656,"hotspot"
"847","Kinabalu montane alpine meadows",0.0250988041417669,0.920330202954674,0.725947526243452,6.68862120178451,"not hotspot"
